clave_mun,restaurantes,restaurantes_11mas,empleo_restaurantes,hoteles,plazas_comerciales,sucursales_competencia,marcas_competencia,sucursales_mcdonalds
01001,7499,315,32274.5,123,103,58,8,2
01002,235,2,820.0,2,0,0,0,0
01003,345,11,1422.5,8,0,0,0,0
01004,97,0,306.0,2,0,0,0,0
01005,831,24,3238.0,7,6,2,2,0
01006,410,9,1532.5,4,1,0,0,0
01007,421,6,1573.0,1,1,0,0,0
01008,104,4,467.0,5,0,0,0,0
01009,152,1,518.5,0,0,0,0,0
01010,113,0,384.0,0,0,0,0,0
01011,371,10,1433.0,3,1,1,1,0
02001,2193,141,11552.0,116,57,19,7,4
02002,4595,386,26005.0,157,70,63,8,4
02003,563,46,3034.0,20,2,6,4,1
02004,6806,748,43188.0,273,258,149,8,9
02005,953,90,5554.0,33,23,8,5,1
02006,453,22,1944.0,39,9,2,2,0
03001,471,10,1808.0,41,0,0,0,0
03002,313,5,1161.5,58,1,0,0,0
03003,2142,161,11403.5,136,24,16,6,1
03008,2577,292,17621.5,179,30,29,6,3
03009,151,4,633.0,35,0,1,1,0
04001,409,1,1344.5,13,0,0,0,0
04002,1987,91,9549.0,100,22,13,5,0
04003,2084,64,8632.0,140,9,17,8,1
04004,464,12,1797.0,13,0,1,1,0
04005,177,0,576.0,3,0,0,0,0
04006,167,0,551.0,4,2,0,0,0
04007,45,0,135.0,6,0,0,0,0
04008,89,0,292.0,1,0,0,0,0
04009,354,8,1362.0,21,0,1,1,0
04010,117,2,426.0,25,0,0,0,0
04011,110,5,472.5,11,0,0,0,0
04012,111,0,348.0,7,1,0,0,0
05001,1,0,3.0,0,0,0,0,0
05002,501,35,2625.5,19,9,1,1,0
05003,98,2,419.0,6,1,0,0,0
05004,143,12,774.0,5,1,0,0,0
05005,6,0,18.0,2,0,0,0,0
05006,85,5,382.5,3,0,0,0,0
05007,54,1,194.5,17,0,0,0,0
05009,345,4,1215.0,12,2,0,0,0
05010,282,10,1141.0,14,0,0,0,0
05011,36,0,113.0,4,0,0,0,0
05012,1,0,3.0,1,0,0,0,0
05013,2,0,6.0,0,0,0,0,0
05014,32,0,96.0,1,0,0,0,0
05015,5,0,15.0,0,0,0,0,0
05016,5,0,15.0,2,0,0,0,0
05017,617,15,2223.5,6,2,2,1,0
05018,971,67,4850.5,30,11,7,5,1
05019,51,1,190.5,3,0,0,0,0
05020,320,3,1097.5,14,1,0,0,0
05021,22,0,66.0,1,0,0,0,0
05022,103,0,354.0,6,1,0,0,0
05023,34,1,119.5,3,0,0,0,0
05024,180,8,835.0,42,0,0,0,0
05025,701,67,4095.5,21,18,4,4,1
05026,2,0,6.0,0,0,0,0,0
05027,453,30,2314.0,15,11,4,4,0
05028,397,12,1576.0,10,0,1,1,0
05029,10,0,30.0,0,0,0,0,0
05030,3225,284,18030.0,60,100,43,8,4
05031,81,3,325.5,2,0,0,0,0
05032,248,5,931.5,5,2,0,0,0
05033,413,9,1591.5,9,3,2,1,0
05034,7,0,26.0,2,0,0,0,0
05035,4629,281,22520.0,94,60,41,8,6
05036,45,0,135.0,1,0,0,0,0
05037,15,0,60.0,0,0,0,0,0
05038,71,0,243.0,3,0,0,0,0
06001,349,1,1259.5,22,1,0,0,0
06002,1779,104,8432.0,47,18,12,8,1
06003,176,4,898.0,12,0,0,0,0
06004,164,1,584.5,1,0,0,0,0
06005,266,0,908.0,8,0,0,0,0
06006,64,0,202.0,0,0,0,0,0
06007,1676,80,7598.0,103,12,10,8,0
06008,88,0,284.0,2,0,0,0,0
06009,1392,28,5261.0,44,3,1,1,0
06010,1285,35,5027.5,6,11,9,7,0
07001,92,0,286.0,2,0,0,0,0
07002,173,0,554.0,5,0,0,0,0
07003,154,0,477.0,1,0,0,0,0
07004,139,1,444.5,3,0,0,0,0
07005,32,0,96.0,1,0,0,0,0
07006,57,0,171.0,0,0,0,0,0
07007,30,0,100.0,0,0,0,0,0
07008,215,2,715.0,8,0,0,0,0
07009,381,3,1255.5,33,2,0,0,0
07010,7,0,21.0,0,0,0,0,0
07011,24,0,77.0,1,0,0,0,0
07012,348,7,1266.5,2,2,0,0,0
07013,126,0,413.0,6,0,0,0,0
07014,23,0,69.0,0,0,0,0,0
07015,302,2,996.0,6,2,0,0,0
07016,68,0,229.0,2,0,0,0,0
07017,475,0,1550.0,21,0,0,0,0
07018,50,0,150.0,5,0,0,0,0
07019,1653,25,5851.5,100,5,4,4,0
07020,206,1,650.5,4,0,0,0,0
07021,125,1,417.5,3,0,0,0,0
07022,29,0,87.0,0,0,0,0,0
07023,149,1,504.5,0,0,0,0,0
07024,15,0,45.0,0,0,0,0,0
07025,25,0,80.0,2,0,0,0,0
07026,38,0,119.0,1,0,0,0,0
07027,519,6,1767.0,16,1,1,1,0
07028,53,0,164.0,1,0,0,0,0
07029,44,0,132.0,0,0,0,0,0
07030,118,1,381.5,2,0,0,0,0
07031,147,1,458.5,8,0,0,0,0
07032,213,0,659.0,5,0,0,0,0
07033,3,0,9.0,0,0,0,0,0
07034,463,3,1556.5,17,0,0,0,0
07035,131,0,403.0,0,0,0,0,0
07036,27,0,81.0,2,0,0,0,0
07037,255,0,805.0,1,0,0,0,0
07038,16,0,53.0,0,0,0,0,0
07039,38,0,114.0,1,0,0,0,0
07040,581,5,1890.5,19,1,0,0,0
07041,115,0,370.0,2,0,0,0,0
07042,38,0,119.0,0,1,0,0,0
07043,65,0,200.0,2,0,0,0,0
07044,71,0,223.0,2,0,0,0,0
07045,15,0,45.0,0,0,0,0,0
07046,117,1,388.5,2,0,0,0,0
07047,63,0,199.0,2,0,0,0,0
07048,145,0,445.0,6,0,0,0,0
07049,53,1,191.5,0,0,0,0,0
07050,19,0,57.0,0,0,0,0,0
07051,327,0,1016.0,21,0,0,0,0
07052,263,0,849.0,3,0,0,0,0
07053,8,0,24.0,0,0,0,0,0
07054,209,0,652.0,3,0,0,0,0
07055,59,0,187.0,1,0,0,0,0
07056,2,0,6.0,0,0,0,0,0
07057,317,1,1038.5,21,0,0,0,0
07058,26,0,78.0,0,0,0,0,0
07059,696,12,2513.0,38,1,0,0,0
07060,23,0,69.0,2,0,0,0,0
07061,455,1,1507.5,13,0,0,0,0
07062,68,0,214.0,4,0,0,0,0
07063,27,1,103.5,1,0,0,0,0
07064,77,0,241.0,2,0,0,0,0
07065,667,17,2588.5,73,3,1,1,0
07066,26,0,78.0,1,0,0,0,0
07067,16,0,48.0,0,0,0,0,0
07068,252,2,816.0,5,1,0,0,0
07069,330,0,1020.0,10,0,0,0,0
07070,44,0,137.0,3,0,0,0,0
07071,136,1,440.5,7,0,0,0,0
07072,88,0,274.0,3,0,0,0,0
07073,38,0,124.0,2,0,0,0,0
07074,340,1,1097.5,11,0,0,0,0
07075,156,0,498.0,7,0,0,0,0
07076,43,0,139.0,2,0,0,0,0
07077,96,1,315.5,4,0,0,0,0
07078,2289,68,9082.0,272,6,10,5,1
07079,115,0,365.0,2,2,0,0,0
07080,78,0,234.0,5,0,0,0,0
07081,139,0,432.0,9,0,0,0,0
07082,21,0,63.0,0,0,0,0,0
07083,43,0,129.0,1,0,0,0,0
07084,29,0,92.0,1,0,0,0,0
07085,43,0,129.0,2,0,0,0,0
07086,161,1,525.5,1,0,0,0,0
07087,294,2,982.0,18,2,1,1,0
07088,11,0,33.0,0,0,0,0,0
07089,2856,79,10975.5,158,15,14,4,0
07090,9,0,27.0,0,0,0,0,0
07091,111,0,348.0,7,0,0,0,0
07092,88,1,291.5,7,0,0,0,0
07093,31,0,98.0,0,0,0,0,0
07094,240,4,860.0,5,0,0,0,0
07096,158,0,504.0,6,0,0,0,0
07097,733,5,2426.5,63,2,3,3,0
07098,38,0,114.0,1,0,0,0,0
07099,185,0,585.0,4,0,0,0,0
07100,30,0,90.0,0,0,0,0,0
07101,5465,196,22435.0,166,49,48,8,3
07102,144,0,447.0,1,0,0,0,0
07103,51,0,153.0,0,0,0,0,0
07104,87,0,276.0,2,0,0,0,0
07105,101,1,360.5,10,0,0,0,0
07106,284,0,882.0,9,0,0,0,0
07107,364,0,1127.0,7,0,0,0,0
07108,848,11,2956.5,22,3,2,2,0
07109,197,2,671.0,8,0,0,0,0
07110,48,0,144.0,0,0,0,0,0
07111,60,0,195.0,1,1,0,0,0
07112,18,0,54.0,0,0,0,0,0
07113,2,0,6.0,0,0,0,0,0
07114,81,1,290.5,5,0,0,0,0
07115,26,0,78.0,1,0,0,0,0
07116,22,0,66.0,1,0,0,0,0
07117,31,0,93.0,1,0,0,0,0
07118,3,0,9.0,0,0,0,0,0
07119,2,0,6.0,0,0,0,0,0
07120,5,0,15.0,0,0,0,0,0
07121,2,0,6.0,0,0,0,0,0
07122,166,0,498.0,3,0,0,0,0
07123,65,0,205.0,1,0,0,0,0
07124,96,0,303.0,4,0,0,0,0
08001,74,12,522.0,7,0,0,0,0
08002,112,3,458.5,2,1,2,1,0
08003,44,0,132.0,3,0,0,0,0
08004,63,0,194.0,0,0,0,0,0
08005,127,2,456.0,15,0,0,0,0
08006,6,0,23.0,2,0,0,0,0
08007,34,0,102.0,5,0,0,0,0
08008,8,0,24.0,6,0,0,0,0
08009,84,4,342.0,65,0,0,0,0
08010,118,1,386.5,11,0,0,0,0
08011,302,9,1188.5,9,0,0,0,0
08012,4,0,12.0,1,0,0,0,0
08013,33,0,104.0,3,0,0,0,0
08014,3,0,9.0,0,0,0,0,0
08015,3,0,14.0,0,0,0,0,0
08016,9,0,27.0,0,0,0,0,0
08017,770,63,3992.5,38,2,5,4,0
08018,1,0,3.0,0,0,0,0,0
08019,4320,339,23502.5,107,93,74,8,4
08020,11,0,33.0,3,0,0,0,0
08021,633,41,3041.5,13,17,8,5,0
08022,6,0,18.0,0,0,0,0,0
08023,1,0,3.0,1,0,0,0,0
08024,32,2,156.0,2,0,0,0,0
08025,20,1,87.5,3,0,0,0,0
08026,3,0,9.0,0,0,0,0,0
08027,113,2,414.0,18,0,0,0,0
08028,18,0,54.0,0,0,0,0,0
08029,58,0,189.0,13,0,0,0,0
08030,14,0,47.0,7,0,0,0,0
08031,96,2,343.0,9,0,0,0,0
08032,760,25,3117.5,26,8,4,3,0
08034,9,0,32.0,2,0,0,0,0
08035,50,0,155.0,3,0,0,0,0
08036,227,5,853.5,9,3,0,0,0
08037,6058,367,30056.5,113,117,72,7,7
08038,9,0,27.0,1,0,0,0,0
08039,12,0,41.0,0,0,0,0,0
08040,89,0,287.0,9,0,0,0,0
08041,2,0,6.0,1,0,0,0,0
08042,4,0,12.0,1,0,0,0,0
08043,4,0,12.0,1,0,0,0,0
08044,13,0,39.0,0,0,0,0,0
08045,161,4,618.0,4,4,0,0,0
08046,4,0,12.0,3,0,0,0,0
08047,9,0,27.0,3,0,0,0,0
08048,97,2,351.0,5,0,0,0,0
08049,12,0,41.0,3,0,0,0,0
08050,314,16,1432.0,13,0,5,3,0
08051,28,0,94.0,15,0,0,0,0
08052,149,3,524.5,15,3,0,0,0
08053,42,0,131.0,0,0,0,0,0
08054,5,0,20.0,1,0,0,0,0
08055,35,0,110.0,0,1,0,0,0
08056,5,0,15.0,0,0,0,0,0
08057,10,0,30.0,1,0,0,0,0
08058,4,0,12.0,4,0,0,0,0
08059,21,0,83.0,0,0,0,0,0
08060,63,0,199.0,5,0,0,0,0
08061,7,0,21.0,1,0,0,0,0
08062,115,0,380.0,5,0,0,0,0
08063,9,0,27.0,1,0,0,0,0
08064,8,0,24.0,0,0,0,0,0
08065,12,0,36.0,21,0,0,0,0
08066,5,0,15.0,2,0,0,0,0
08067,38,1,141.5,4,0,0,0,0
09002,2652,145,13589.5,21,24,34,8,6
09003,3565,330,22111.0,22,56,59,8,5
09004,1046,143,8122.0,17,29,34,7,6
09005,6244,255,28965.5,57,31,63,8,7
09006,2204,53,8749.5,26,6,11,5,1
09007,9335,264,37511.0,57,40,60,8,14
09008,1004,37,4214.5,5,15,12,5,1
09009,759,6,2562.0,3,1,0,0,0
09010,2948,353,22984.5,15,72,80,7,5
09011,1705,27,6142.5,2,3,5,3,1
09012,3254,201,17010.5,32,56,43,7,5
09013,1968,28,6994.0,12,9,9,5,0
09014,3708,498,28764.5,65,49,84,8,9
09015,7792,985,56922.5,423,96,99,7,13
09016,3486,525,30377.0,93,42,64,8,6
09017,3994,192,18482.5,44,10,49,7,6
10001,153,0,544.0,2,0,0,0,0
10002,13,0,39.0,4,0,0,0,0
10003,8,0,24.0,2,0,0,0,0
10004,171,2,583.0,8,0,0,0,0
10005,4368,183,18551.5,94,28,32,7,3
10006,15,0,50.0,1,0,0,0,0
10007,2371,49,8855.5,21,18,8,5,1
10008,256,6,973.0,8,3,0,0,0
10009,27,0,96.0,3,0,0,0,0
10010,5,0,15.0,0,0,0,0,0
10011,7,0,26.0,0,0,0,0,0
10012,892,12,3101.0,13,1,0,0,0
10013,168,1,576.5,8,1,0,0,0
10014,43,0,129.0,2,0,0,0,0
10015,57,1,213.5,5,0,0,0,0
10016,126,0,418.0,3,0,0,0,0
10017,61,0,193.0,4,0,0,0,0
10018,94,1,319.5,5,0,0,0,0
10019,6,0,18.0,3,0,0,0,0
10020,72,0,236.0,1,0,0,0,0
10021,47,0,141.0,4,0,0,0,0
10022,168,0,524.0,5,0,0,0,0
10023,246,6,923.0,15,1,0,0,0
10024,97,0,326.0,7,0,0,0,0
10025,4,0,12.0,0,0,0,0,0
10026,62,0,186.0,7,0,0,0,0
10027,23,0,74.0,2,0,0,0,0
10028,53,0,169.0,4,0,0,0,0
10029,17,0,51.0,0,0,0,0,0
10030,2,0,6.0,0,0,0,0,0
10031,33,0,104.0,0,0,0,0,0
10032,304,5,1129.5,17,0,0,0,0
10033,48,0,149.0,1,0,0,0,0
10034,57,1,203.5,4,0,0,0,0
10035,91,0,298.0,4,0,0,0,0
10036,112,0,366.0,2,0,0,0,0
10037,30,0,95.0,3,0,0,0,0
10038,251,3,890.5,7,1,0,0,0
10039,150,0,480.0,8,0,0,0,0
11001,260,2,910.0,6,0,0,0,0
11002,648,11,2331.5,23,3,1,1,0
11003,910,86,5220.0,177,10,6,5,1
11004,344,3,1149.5,3,0,0,0,0
11005,440,6,1555.0,9,1,2,1,0
11006,5,0,15.0,0,0,0,0,0
11007,2355,96,9895.0,67,33,19,7,1
11008,213,1,751.5,2,0,0,0,0
11009,251,0,843.0,7,0,0,0,0
11010,75,1,257.5,3,0,0,0,0
11011,711,4,2358.0,6,1,2,2,0
11012,246,2,838.0,4,0,0,0,0
11013,70,0,225.0,0,0,0,0,0
11014,755,17,2857.5,26,2,3,3,0
11015,1143,57,5266.5,142,11,9,6,1
11016,88,1,316.5,2,0,0,0,0
11017,3127,101,12348.5,70,31,23,8,2
11018,201,0,608.0,4,0,0,0,0
11019,125,1,412.5,6,0,0,0,0
11020,10881,431,46580.5,187,86,75,8,10
11021,554,10,2047.0,6,1,1,1,0
11022,101,0,343.0,2,0,0,0,0
11023,682,15,2503.5,10,0,2,2,0
11024,53,1,206.5,1,0,0,0,0
11025,610,7,2077.5,5,1,0,0,0
11026,185,3,667.5,3,0,0,0,0
11027,1439,37,5544.5,27,8,7,5,0
11028,656,11,2330.5,14,2,1,1,0
11029,106,1,350.5,3,0,0,0,0
11030,430,6,1585.0,9,0,0,0,0
11031,1242,21,4568.5,14,11,2,2,0
11032,517,10,2001.0,25,2,0,0,0
11033,561,9,2090.5,17,3,3,2,0
11034,47,0,151.0,3,0,0,0,0
11035,385,2,1365.0,7,1,0,0,0
11036,48,1,161.5,0,0,0,0,0
11037,783,28,3139.0,40,3,10,7,1
11038,64,0,227.0,2,0,0,0,0
11039,179,4,637.0,3,0,0,0,0
11040,59,0,197.0,0,0,0,0,0
11041,483,9,1811.5,14,2,4,4,0
11042,518,4,1874.0,7,0,1,1,0
11043,64,1,229.5,3,0,0,0,0
11044,399,1,1289.5,3,0,0,0,0
11045,49,1,164.5,6,0,0,0,0
11046,312,2,1091.0,6,1,0,0,0
12001,6520,265,28132.5,362,33,44,8,11
12002,43,0,154.0,2,0,0,0,0
12003,224,0,692.0,2,0,0,0,0
12004,55,0,170.0,3,0,0,0,0
12005,66,0,198.0,4,0,0,0,0
12006,80,0,275.0,2,0,0,0,0
12007,260,1,877.5,10,0,0,0,0
12008,45,0,140.0,1,0,0,0,0
12009,8,0,24.0,0,0,0,0,0
12010,22,0,66.0,1,0,0,0,0
12011,318,0,1049.0,15,0,0,0,0
12012,279,3,969.5,12,0,0,0,0
12013,77,0,236.0,1,0,0,0,0
12014,114,1,364.5,6,0,0,0,0
12015,95,0,310.0,4,0,0,0,0
12016,23,0,69.0,2,0,0,0,0
12017,98,0,319.0,3,0,0,0,0
12018,142,0,436.0,11,0,0,0,0
12019,43,0,149.0,0,0,0,0,0
12020,45,0,135.0,0,0,0,0,0
12021,313,4,1099.0,11,0,0,0,0
12022,131,2,463.0,2,0,0,0,0
12023,246,0,763.0,10,0,0,0,0
12024,20,0,65.0,0,0,0,0,0
12025,67,0,201.0,2,0,0,0,0
12026,14,0,42.0,0,0,0,0,0
12027,95,1,312.5,1,0,0,0,0
12028,567,4,1971.0,15,1,0,0,0
12029,2347,47,9158.5,75,12,10,6,4
12030,212,0,651.0,8,0,0,0,0
12031,11,0,33.0,0,0,0,0,0
12032,95,0,300.0,3,0,0,0,0
12033,133,0,419.0,4,0,0,0,0
12034,236,0,783.0,9,0,0,0,0
12035,1461,20,5188.0,55,6,3,3,1
12036,55,0,165.0,1,0,0,0,0
12037,27,0,81.0,2,0,0,0,0
12038,1115,42,4885.0,195,6,1,1,0
12039,153,0,479.0,5,0,0,0,0
12040,112,0,336.0,3,0,0,0,0
12041,37,0,111.0,1,0,0,0,0
12042,89,0,292.0,0,0,0,0,0
12043,51,0,153.0,1,0,0,0,0
12044,71,0,248.0,2,0,0,0,0
12045,103,0,329.0,11,0,0,0,0
12046,647,4,2146.0,35,1,0,0,0
12047,11,0,33.0,0,0,0,0,0
12048,363,3,1261.5,16,0,0,0,0
12049,107,0,341.0,1,0,0,0,0
12050,509,3,1744.5,25,1,0,0,0
12051,133,0,419.0,0,0,0,0,0
12052,317,0,971.0,11,3,0,0,0
12053,374,2,1192.0,10,1,0,0,0
12054,40,0,145.0,2,0,0,0,0
12055,565,17,2252.5,52,2,1,1,0
12056,88,0,279.0,3,0,0,0,0
12057,573,3,1896.5,21,0,0,0,0
12058,281,0,943.0,9,1,0,0,0
12059,70,0,210.0,1,0,0,0,0
12060,62,0,191.0,2,0,0,0,0
12061,315,1,1052.5,5,1,0,0,0
12062,56,0,178.0,1,0,0,0,0
12063,13,0,39.0,0,0,0,0,0
12064,57,0,181.0,1,0,0,0,0
12065,24,0,72.0,0,0,0,0,0
12066,613,3,2086.5,29,0,0,0,0
12067,170,1,572.5,5,0,0,0,0
12068,97,0,316.0,5,0,0,0,0
12069,16,0,48.0,1,0,0,0,0
12070,94,0,282.0,3,0,0,0,0
12071,101,0,308.0,3,0,0,0,0
12072,20,0,60.0,2,0,0,0,0
12073,72,0,251.0,3,0,0,0,0
12074,55,0,190.0,0,0,0,0,0
12075,471,5,1625.5,6,0,0,0,0
12076,26,0,93.0,1,0,0,0,0
12077,152,0,496.0,20,1,0,0,0
12078,9,0,32.0,1,0,0,0,0
12079,24,0,72.0,0,0,0,0,0
12080,36,0,113.0,4,0,0,0,0
12081,43,0,139.0,3,0,0,0,0
13001,35,0,105.0,0,1,0,0,0
13002,103,1,356.5,9,0,0,0,0
13003,736,6,2513.0,23,1,1,1,0
13004,42,0,131.0,4,1,0,0,0
13005,105,0,320.0,9,0,0,0,0
13006,39,2,167.0,2,0,0,0,0
13007,52,0,161.0,0,0,0,0,0
13008,337,3,1143.5,9,2,0,0,0
13009,112,1,438.5,2,0,0,0,0
13010,225,4,780.0,10,0,0,0,0
13011,91,0,278.0,4,0,0,0,0
13012,152,0,506.0,10,0,0,0,0
13013,249,3,834.5,9,1,0,0,0
13014,80,0,245.0,7,0,0,0,0
13015,24,0,77.0,4,0,0,0,0
13016,237,2,806.0,6,1,0,0,0
13017,33,0,104.0,4,0,0,0,0
13018,101,0,323.0,4,0,0,0,0
13019,45,0,145.0,3,0,0,0,0
13020,5,0,15.0,0,0,0,0,0
13021,88,0,284.0,4,0,0,0,0
13022,50,0,160.0,1,0,0,0,0
13023,272,1,883.5,1,0,0,0,0
13024,34,0,122.0,35,0,0,0,0
13025,73,0,239.0,1,0,0,0,0
13026,11,0,33.0,0,0,0,0,0
13027,62,0,186.0,4,0,0,0,0
13028,660,12,2440.0,42,1,1,1,0
13029,202,5,763.5,16,2,0,0,0
13030,907,17,3283.5,66,6,0,0,0
13031,90,0,275.0,5,0,0,0,0
13032,53,0,159.0,0,0,0,0,0
13033,2,0,6.0,0,0,0,0,0
13034,7,0,21.0,2,0,0,0,0
13035,24,0,72.0,2,0,0,0,0
13036,51,0,168.0,2,0,0,0,0
13037,66,0,208.0,4,1,0,0,0
13038,40,0,150.0,14,0,0,0,0
13039,177,8,751.0,33,0,0,0,0
13040,15,0,45.0,0,0,0,0,0
13041,379,2,1252.0,10,1,0,0,0
13042,62,0,186.0,4,0,0,0,0
13043,8,0,24.0,0,0,0,0,0
13044,32,0,96.0,3,0,0,0,0
13045,72,0,221.0,4,0,0,0,0
13046,160,0,490.0,4,0,0,0,0
13047,8,0,24.0,0,0,0,0,0
13048,3182,191,15228.5,35,49,33,8,5
13049,75,0,225.0,3,0,0,0,0
13050,300,2,1025.0,6,0,0,0,0
13051,1300,29,4802.5,18,10,3,2,0
13052,135,0,455.0,2,0,0,0,0
13053,58,0,179.0,6,0,0,0,0
13054,134,0,427.0,0,0,0,0,0
13055,65,0,205.0,0,0,0,0,0
13056,208,2,684.0,4,0,0,0,0
13057,78,0,244.0,1,0,0,0,0
13058,79,0,242.0,4,0,0,0,0
13059,117,1,398.5,30,0,0,0,0
13060,50,0,150.0,3,0,0,0,0
13061,401,3,1405.5,13,7,0,0,0
13062,28,0,84.0,2,0,0,0,0
13063,452,9,1703.5,21,2,2,2,0
13064,29,0,92.0,0,0,0,0,0
13065,45,2,180.0,1,0,0,0,0
13066,142,2,526.0,2,2,0,0,0
13067,405,1,1327.5,12,0,0,0,0
13068,29,0,92.0,0,0,0,0,0
13069,1137,24,4186.0,12,11,4,3,0
13070,161,2,568.0,7,0,0,0,0
13071,9,0,27.0,1,0,0,0,0
13072,48,0,144.0,1,0,0,0,0
13073,104,0,317.0,5,0,0,0,0
13074,228,0,754.0,8,9,0,0,0
13075,166,3,610.5,3,1,3,2,0
13076,847,22,3356.0,43,11,3,3,0
13077,1619,39,6149.5,46,20,3,3,0
13078,21,0,63.0,0,0,0,0,0
13079,5,0,20.0,2,0,0,0,0
13080,22,0,66.0,0,0,0,0,0
13081,235,1,762.5,11,1,0,0,0
13082,161,1,575.5,2,1,0,0,0
13083,254,5,899.5,2,2,0,0,0
13084,199,0,652.0,9,1,0,0,0
14001,161,0,548.0,3,0,0,0,0
14002,194,3,674.5,2,0,0,0,0
14003,162,2,611.0,7,0,0,0,0
14004,27,0,86.0,0,0,0,0,0
14005,72,1,258.5,3,0,0,0,0
14006,423,11,1661.5,7,1,0,0,0
14007,87,1,293.5,1,1,0,0,0
14008,563,26,2489.0,19,2,0,0,0
14009,135,4,525.0,1,0,0,0,0
14010,65,0,215.0,6,0,0,0,0
14011,10,0,30.0,1,0,0,0,0
14012,31,0,103.0,2,0,0,0,0
14013,356,10,1388.0,11,1,0,0,0
14014,60,0,200.0,3,0,0,0,0
14015,500,16,2090.0,10,4,0,0,0
14016,227,4,841.0,5,1,2,1,0
14017,103,0,354.0,3,0,0,0,0
14018,499,3,1644.5,16,2,0,0,0
14019,15,0,50.0,2,0,0,0,0
14020,154,8,712.0,8,0,0,0,0
14021,200,1,702.5,3,0,0,0,0
14022,553,14,2234.0,108,0,0,0,0
14023,871,72,4383.0,14,5,4,3,0
14024,192,3,748.5,11,2,0,0,0
14025,187,2,686.0,6,0,0,0,0
14026,80,0,265.0,3,0,0,0,0
14027,27,0,106.0,2,0,0,0,0
14028,19,0,57.0,1,0,0,0,0
14029,54,2,222.0,1,0,0,0,0
14030,495,30,2390.0,40,2,3,2,0
14031,4,0,12.0,1,0,0,0,0
14032,24,0,77.0,0,0,0,0,0
14033,129,2,447.0,3,0,0,0,0
14034,6,0,23.0,0,0,0,0,0
14035,333,4,1179.0,4,1,0,0,0
14036,178,4,664.0,9,1,0,0,0
14037,238,8,1004.0,5,1,0,0,0
14038,24,0,72.0,3,0,0,0,0
14039,11227,669,55459.5,305,80,91,8,11
14040,41,0,123.0,2,0,0,0,0
14041,51,0,163.0,3,0,0,0,0
14042,51,1,205.5,5,0,0,0,0
14043,236,6,933.0,44,0,0,0,0
14044,148,1,521.5,3,0,0,0,0
14045,76,0,278.0,4,0,0,0,0
14046,201,8,868.0,7,0,1,1,0
14047,176,5,665.5,5,0,0,0,0
14048,107,3,408.5,2,0,0,0,0
14049,24,0,72.0,1,0,0,0,0
14050,337,18,1506.0,21,0,0,0,0
14051,98,0,309.0,0,0,0,0,0
14052,31,0,98.0,1,0,0,0,0
14053,795,22,3310.0,26,2,7,5,0
14054,27,0,96.0,1,0,0,0,0
14055,182,1,673.5,8,1,0,0,0
14056,4,0,12.0,2,0,0,0,0
14057,64,0,202.0,3,0,0,0,0
14058,111,1,420.5,13,0,0,0,0
14059,210,6,880.0,39,2,0,0,0
14060,28,0,84.0,0,0,0,0,0
14061,51,0,158.0,4,0,0,0,0
14062,27,0,86.0,2,0,0,0,0
14063,746,21,2980.5,18,1,4,3,0
14064,248,0,814.0,6,0,0,0,0
14065,79,0,242.0,2,0,0,0,0
14066,337,0,1101.0,4,0,0,0,0
14067,2671,222,15158.0,190,21,35,7,4
14068,80,1,287.5,5,0,0,0,0
14069,19,0,57.0,1,0,0,0,0
14070,1025,11,3707.5,17,3,1,1,0
14071,5,0,25.0,0,0,0,0,0
14072,57,1,218.5,2,0,0,0,0
14073,561,24,2413.0,109,1,1,1,0
14074,99,5,429.5,4,0,0,0,0
14075,29,0,112.0,0,0,0,0,0
14076,8,0,24.0,1,0,0,0,0
14077,156,2,548.0,3,1,0,0,0
14078,229,2,832.0,3,1,0,0,0
14079,121,1,405.5,3,0,0,0,0
14080,21,0,83.0,11,0,0,0,0
14081,24,0,82.0,0,0,0,0,0
14082,331,3,1195.5,9,1,0,0,0
14083,482,4,1706.0,8,2,0,0,0
14084,131,2,488.0,39,0,0,0,0
14085,200,4,760.0,4,0,0,0,0
14086,155,7,642.5,33,0,0,0,0
14087,116,1,400.5,7,1,0,0,0
14088,129,3,494.5,5,0,0,0,0
14089,34,0,132.0,1,0,0,0,0
14090,61,3,245.5,2,0,0,0,0
14091,236,0,763.0,4,0,0,0,0
14092,41,0,123.0,1,0,0,0,0
14093,756,42,3593.0,29,4,2,2,0
14094,355,14,1495.0,36,0,1,1,0
14095,74,1,249.5,2,0,0,0,0
14096,134,1,479.5,2,0,0,0,0
14097,2648,127,12446.5,24,51,33,8,1
14098,3340,103,13287.5,53,32,24,7,0
14099,53,0,174.0,3,0,0,0,0
14100,226,1,760.5,9,1,0,0,0
14101,1989,41,7669.5,22,14,10,5,0
14102,61,0,203.0,3,0,0,0,0
14103,79,0,257.0,0,0,0,0,0
14104,12,0,36.0,1,0,0,0,0
14105,125,3,497.5,2,0,0,0,0
14106,18,0,69.0,0,0,0,0,0
14107,57,0,206.0,4,0,0,0,0
14108,225,6,900.0,7,0,0,0,0
14109,71,0,223.0,2,0,0,0,0
14110,94,2,392.0,4,1,0,0,0
14111,54,0,182.0,2,0,0,0,0
14112,48,1,176.5,3,0,0,0,0
14113,55,1,237.5,6,0,0,0,0
14114,118,0,379.0,11,0,0,0,0
14115,35,0,120.0,2,0,0,0,0
14116,176,3,655.5,10,5,0,0,0
14117,35,0,110.0,2,0,0,0,0
14118,136,4,538.0,3,0,0,0,0
14119,210,2,760.0,7,1,0,0,0
14120,6807,507,37294.0,83,147,110,8,5
14121,206,5,830.5,4,0,0,0,0
14122,56,0,178.0,1,0,0,0,0
14123,61,0,193.0,2,0,0,0,0
14124,337,10,1506.0,11,2,0,0,0
14125,93,3,401.5,2,0,0,0,0
15001,157,0,491.0,7,1,0,0,0
15002,897,3,2893.5,3,0,1,1,0
15003,77,0,276.0,6,1,0,0,0
15004,76,0,248.0,2,0,0,0,0
15005,353,0,1134.0,4,2,0,0,0
15006,59,0,192.0,1,0,0,0,0
15007,42,0,131.0,1,0,0,0,0
15008,90,0,280.0,2,0,0,0,0
15009,321,1,1080.5,5,2,0,0,0
15010,263,5,931.5,6,3,0,0,0
15011,240,2,790.0,12,0,0,0,0
15012,98,0,304.0,2,0,0,0,0
15013,2701,109,11280.5,12,23,33,8,1
15014,594,16,2397.0,18,8,4,4,0
15015,149,0,457.0,1,0,0,0,0
15016,163,2,554.0,5,1,0,0,0
15017,40,0,130.0,0,0,0,0,0
15018,246,5,855.5,2,1,2,2,0
15019,1012,12,3856.0,4,0,0,0,1
15020,1545,73,7198.0,5,22,22,8,3
15021,187,0,611.0,4,0,0,0,0
15022,39,0,122.0,1,0,0,0,0
15023,199,0,627.0,5,0,0,0,0
15024,996,25,3825.5,15,5,9,4,1
15025,2074,34,7287.0,23,8,11,5,1
15026,74,2,262.0,2,0,0,0,0
15027,48,0,144.0,1,1,0,0,0
15028,163,1,526.5,0,0,0,0,0
15029,943,8,3154.0,5,1,2,2,0
15030,264,1,899.5,7,0,0,0,0
15031,3553,17,11546.5,21,3,4,4,1
15032,64,0,212.0,0,0,0,0,0
15033,9636,151,34590.5,52,29,53,8,4
15034,33,0,99.0,0,0,0,0,0
15035,582,7,2088.5,7,3,5,3,1
15036,293,2,974.0,4,1,0,0,0
15037,1081,98,6664.0,4,26,28,7,2
15038,56,0,168.0,0,0,0,0,0
15039,2829,43,10294.5,23,15,12,5,0
15040,301,8,1233.0,28,2,0,0,0
15041,9,0,32.0,0,0,0,0,0
15042,668,8,2354.0,9,11,2,2,0
15043,192,1,638.5,4,0,0,0,0
15044,125,2,425.0,0,0,0,0,0
15045,330,6,1205.0,13,1,0,0,0
15046,74,2,277.0,0,0,0,0,0
15047,81,0,263.0,1,0,0,0,0
15048,195,0,620.0,6,1,0,0,0
15049,66,0,203.0,0,0,0,0,0
15050,142,0,451.0,1,0,0,0,0
15051,753,24,3089.0,7,5,9,7,1
15052,298,6,1119.0,30,0,0,0,0
15053,352,3,1198.5,6,1,1,1,0
15054,1942,151,10689.0,15,45,31,8,4
15055,123,1,426.5,0,1,0,0,0
15056,107,0,346.0,2,1,0,0,0
15057,4344,261,22405.5,15,41,68,7,8
15058,6307,113,23209.0,57,14,37,8,5
15059,178,2,604.0,3,0,0,0,0
15060,2058,15,6876.5,16,6,8,6,0
15061,120,0,385.0,4,0,0,0,0
15062,899,13,3269.5,11,1,2,2,1
15063,207,2,716.0,5,0,0,0,0
15064,115,0,395.0,3,1,0,0,0
15065,204,2,682.0,13,4,0,0,0
15066,12,0,36.0,0,0,0,0,0
15067,268,0,854.0,8,0,0,0,0
15068,209,0,652.0,2,0,0,0,0
15069,52,0,176.0,1,0,0,0,0
15070,1894,17,6299.5,18,5,6,5,0
15071,77,1,268.5,3,0,0,0,0
15072,90,0,290.0,0,1,0,0,0
15073,147,0,441.0,0,2,0,0,0
15074,281,0,868.0,9,1,0,0,0
15075,197,5,733.5,8,1,0,0,0
15076,796,15,2915.5,12,5,3,2,0
15077,10,0,30.0,1,0,0,0,0
15078,37,0,126.0,1,0,0,0,0
15079,74,1,274.5,3,0,0,0,0
15080,73,0,234.0,3,0,0,0,0
15081,2547,54,9706.0,22,24,13,6,1
15082,490,8,1770.0,18,0,0,0,0
15083,49,0,157.0,2,0,0,0,0
15084,218,0,684.0,1,0,0,0,0
15085,186,2,643.0,5,1,0,0,0
15086,55,1,182.5,4,0,0,0,0
15087,293,0,934.0,5,3,0,0,0
15088,602,8,2196.0,12,1,2,2,0
15089,50,0,155.0,1,0,0,0,0
15090,582,7,1973.5,9,1,0,0,0
15091,320,0,1000.0,10,0,1,1,0
15092,504,15,2084.5,37,8,4,3,0
15093,111,0,358.0,0,0,0,0,0
15094,147,2,521.0,1,0,0,0,0
15095,711,27,2955.5,18,3,1,1,0
15096,295,1,967.5,2,0,0,0,0
15097,73,0,239.0,3,0,0,0,0
15098,63,0,199.0,1,0,0,0,0
15099,1983,75,8316.5,30,16,8,5,0
15100,294,2,942.0,3,1,0,0,0
15101,551,3,1835.5,8,6,1,1,0
15102,20,0,60.0,2,0,0,0,0
15103,236,1,795.5,1,0,0,0,0
15104,4000,170,18110.5,44,26,45,8,5
15105,41,0,123.0,0,0,0,0,0
15106,6081,183,24470.5,69,42,41,7,6
15107,143,1,481.5,7,0,0,0,0
15108,890,17,3282.5,5,1,1,1,0
15109,2368,23,8096.5,16,6,6,3,0
15110,414,17,1759.5,53,1,3,2,0
15111,62,0,186.0,0,0,0,0,0
15112,150,6,615.0,17,2,0,0,0
15113,245,1,797.5,1,2,0,0,0
15114,87,0,296.0,4,0,0,0,0
15115,304,3,1039.5,4,1,0,0,0
15116,34,0,107.0,4,0,0,0,0
15117,51,0,158.0,3,0,0,0,0
15118,809,11,2854.5,13,2,3,3,1
15119,73,0,229.0,0,0,0,0,0
15120,1142,24,4246.0,23,4,9,6,1
15121,3078,107,13146.5,19,29,36,8,3
15122,2056,21,6975.5,24,4,5,3,0
15123,140,1,457.5,4,0,0,0,0
15124,65,0,205.0,1,1,0,0,0
15125,92,0,291.0,0,0,0,0,0
16001,71,0,213.0,2,0,0,0,0
16002,101,1,330.5,2,0,0,0,0
16003,84,2,317.0,2,0,0,0,0
16004,87,0,281.0,2,0,0,0,0
16005,57,0,191.0,6,0,0,0,0
16006,1069,28,4157.0,34,3,3,3,0
16007,20,0,65.0,2,0,0,0,0
16008,29,0,87.0,13,0,0,0,0
16009,276,3,945.5,7,1,0,0,0
16010,184,2,647.0,6,0,0,0,0
16011,58,1,201.5,1,0,0,0,0
16012,334,4,1242.0,3,1,0,0,0
16013,50,0,160.0,2,0,0,0,0
16014,140,1,467.5,5,0,0,0,0
16015,110,2,415.0,5,0,0,0,0
16016,81,0,273.0,1,0,0,0,0
16017,50,0,165.0,5,0,0,0,0
16018,51,0,168.0,0,0,1,1,0
16019,161,3,600.5,4,0,0,0,0
16020,194,2,652.0,2,0,0,0,0
16021,111,0,338.0,1,0,0,0,0
16022,58,4,259.0,0,0,0,0,0
16023,60,1,217.5,1,0,0,0,0
16024,310,0,935.0,4,0,0,0,0
16025,374,1,1154.5,5,0,0,0,0
16026,11,0,33.0,0,0,0,0,0
16027,25,0,75.0,1,0,0,0,0
16028,34,0,112.0,1,0,0,0,0
16029,97,0,316.0,2,0,0,0,0
16030,84,3,329.5,0,0,1,1,0
16031,37,0,116.0,1,1,0,0,0
16032,46,0,153.0,2,1,0,0,0
16033,160,5,607.5,4,0,0,0,0
16034,867,11,3033.5,27,4,1,1,0
16035,260,0,840.0,7,0,0,0,0
16036,83,2,309.0,4,0,0,0,0
16037,32,0,101.0,3,0,0,0,0
16038,382,6,1381.0,20,2,0,0,0
16039,43,0,134.0,0,0,0,0,0
16040,151,3,520.5,2,0,0,0,0
16041,66,0,213.0,1,0,0,0,0
16042,67,1,248.5,0,0,0,0,0
16043,424,4,1477.0,4,1,0,0,0
16044,47,0,151.0,0,0,0,0,0
16045,330,6,1245.0,10,0,0,0,0
16046,56,0,168.0,1,0,0,0,0
16047,47,0,141.0,3,0,0,0,0
16048,36,0,108.0,1,1,0,0,0
16049,100,2,360.0,1,0,0,0,0
16050,403,3,1441.5,13,3,1,1,0
16051,122,1,413.5,1,0,0,0,0
16052,1559,49,6509.5,81,6,4,3,1
16053,6584,292,28967.0,170,53,38,8,4
16054,35,0,110.0,1,0,0,0,0
16055,437,7,1518.5,5,0,0,0,0
16056,278,0,854.0,2,1,0,0,0
16057,67,0,216.0,2,0,0,0,0
16058,310,1,1027.5,17,1,0,0,0
16059,19,0,67.0,1,0,0,0,0
16060,60,0,190.0,0,0,0,0,0
16061,88,0,274.0,1,0,0,0,0
16062,175,0,565.0,2,0,0,0,0
16063,66,0,218.0,2,0,1,1,0
16064,159,1,544.5,0,0,0,0,0
16065,317,1,1023.5,6,0,0,0,0
16066,717,19,2833.5,77,2,1,1,0
16067,65,0,200.0,1,0,0,0,0
16068,149,3,534.5,4,0,0,0,0
16069,648,20,2639.0,11,5,5,4,0
16070,149,0,487.0,4,0,0,0,0
16071,334,7,1314.5,11,0,0,0,0
16072,117,1,413.5,2,0,0,0,0
16073,254,1,854.5,12,0,0,0,0
16074,75,0,230.0,0,0,0,0,0
16075,518,14,1974.0,12,3,1,1,0
16076,782,15,2958.5,14,2,3,3,1
16077,146,0,458.0,5,0,0,0,0
16078,88,0,269.0,2,0,0,0,0
16079,333,3,1096.5,20,0,0,0,0
16080,48,0,149.0,1,1,0,0,0
16081,3,0,9.0,1,0,0,0,0
16082,655,8,2275.0,19,1,0,0,0
16083,145,1,487.5,3,1,0,0,0
16084,269,1,844.5,2,0,0,0,0
16085,200,2,695.0,5,0,0,0,0
16086,71,1,250.5,1,0,0,0,0
16087,81,0,248.0,0,0,0,0,0
16088,349,3,1129.5,1,0,0,0,0
16089,209,3,764.5,4,0,0,0,0
16090,265,0,805.0,1,0,0,0,0
16091,87,2,311.0,1,0,0,0,0
16092,66,0,208.0,4,0,0,0,0
16093,77,0,251.0,24,1,0,0,0
16094,13,0,49.0,0,0,0,0,0
16095,82,0,261.0,1,0,0,0,0
16096,15,0,45.0,1,0,0,0,0
16097,181,1,595.5,3,0,0,0,0
16098,127,0,401.0,3,0,0,0,0
16099,55,0,170.0,1,0,0,0,0
16100,79,1,269.5,6,0,0,0,0
16101,15,0,45.0,0,0,0,0,0
16102,3577,79,13173.5,62,8,12,7,1
16103,227,1,733.5,3,0,0,0,0
16104,87,1,288.5,0,0,0,0,0
16105,126,0,403.0,3,0,0,0,0
16106,253,2,854.0,5,0,0,0,0
16107,580,7,2027.5,13,2,1,1,0
16108,1405,37,5517.5,26,3,6,4,1
16109,20,0,60.0,1,0,0,0,0
16110,255,2,920.0,14,0,1,1,0
16111,117,1,388.5,1,0,0,0,0
16112,910,8,3070.0,32,1,1,1,0
16113,181,1,570.5,0,0,0,0,0
17001,91,1,305.5,3,0,0,0,0
17002,197,3,698.5,2,2,0,0,0
17003,402,3,1313.5,10,0,0,0,0
17004,483,0,1499.0,3,0,0,0,0
17005,31,0,98.0,1,0,0,0,0
17006,1933,42,7319.0,54,26,11,6,1
17007,3121,201,15705.5,122,57,42,7,4
17008,567,11,2138.5,11,2,3,3,0
17009,222,6,911.0,1,1,0,0,0
17010,149,0,492.0,4,0,0,0,0
17011,1334,28,4992.0,28,9,10,7,1
17012,600,15,2337.5,34,1,3,3,0
17013,151,0,473.0,8,0,0,0,0
17014,57,0,181.0,3,0,0,0,0
17015,108,0,349.0,3,0,0,0,0
17016,98,1,331.5,2,0,0,0,0
17017,316,2,1258.0,14,0,0,0,0
17018,658,11,2376.5,12,5,4,3,0
17019,305,0,960.0,9,0,0,0,0
17020,349,10,1552.0,86,0,0,0,0
17021,74,0,222.0,0,0,0,0,0
17022,130,0,415.0,4,0,0,0,0
17023,17,0,51.0,0,0,0,0,0
17024,275,1,907.5,12,0,0,0,0
17025,135,1,462.5,14,1,0,0,0
17026,182,4,691.0,7,0,0,0,0
17027,71,2,253.0,4,0,0,0,0
17028,541,16,2143.0,34,2,1,1,0
17029,881,23,3370.5,60,6,2,2,0
17030,360,2,1255.0,8,0,0,0,0
17031,309,4,1092.0,6,0,0,0,0
17032,107,0,336.0,1,0,0,0,0
17033,143,0,444.0,1,0,0,0,0
17034,113,0,349.0,0,0,0,0,0
17035,193,1,646.5,4,0,0,0,0
17036,65,1,222.5,1,0,0,0,0
18001,332,5,1198.5,6,1,0,0,0
18002,123,1,406.5,8,0,0,0,0
18003,90,1,297.5,11,0,0,0,0
18004,1112,17,4313.5,335,1,2,2,0
18005,52,0,156.0,1,0,0,0,0
18006,325,12,1380.0,12,0,0,0,0
18007,176,2,618.0,9,0,0,0,0
18008,623,5,2076.5,4,1,0,0,0
18009,46,0,158.0,4,0,0,0,0
18010,160,1,547.5,1,1,0,0,0
18011,255,2,875.0,12,0,0,0,0
18012,746,27,3130.5,71,0,0,0,0
18013,29,0,92.0,3,0,0,0,0
18014,116,4,513.0,15,0,0,0,0
18015,1260,14,4355.0,18,2,0,0,0
18016,407,2,1391.0,12,0,0,0,0
18017,4495,153,18312.5,86,14,22,7,0
18018,485,3,1697.5,5,1,0,0,0
18019,40,0,120.0,6,0,0,0,0
18020,2005,138,10680.5,206,19,11,6,1
19001,7,0,21.0,0,0,0,0,0
19002,16,0,48.0,1,0,0,0,0
19003,1,0,3.0,0,0,0,0,0
19004,190,3,807.5,0,0,0,0,0
19005,115,2,405.0,6,0,0,0,0
19006,2650,165,13067.5,18,33,37,7,0
19007,38,0,119.0,4,1,0,0,0
19008,27,0,81.0,6,0,0,0,0
19009,638,22,2714.0,14,7,1,1,0
19010,311,2,1028.0,0,1,0,0,0
19011,47,0,166.0,3,0,0,0,0
19012,194,4,707.0,0,0,0,0,0
19013,67,1,248.5,5,0,0,0,0
19014,100,1,347.5,7,0,0,0,0
19015,4,0,12.0,0,0,0,0,0
19016,10,0,40.0,0,0,0,0,0
19017,115,1,392.5,7,0,0,0,0
19018,1263,27,4591.5,6,13,3,3,1
19019,897,248,11376.5,27,90,31,5,2
19020,23,5,196.5,1,0,0,0,0
19021,1934,71,8144.5,6,29,10,6,2
19022,64,0,217.0,0,0,0,0,0
19023,2,0,6.0,0,0,0,0,0
19024,11,0,38.0,6,0,0,0,0
19025,367,13,1533.5,1,2,4,3,0
19026,2861,162,14053.0,21,55,27,8,2
19027,6,0,18.0,0,0,0,0,0
19028,10,0,30.0,0,0,0,0,0
19029,53,3,251.5,0,0,0,0,0
19030,8,0,29.0,5,0,0,0,0
19031,1739,27,6469.5,4,8,6,4,0
19032,14,0,52.0,3,0,0,0,0
19033,312,9,1333.5,11,5,1,1,0
19034,20,0,60.0,0,0,0,0,0
19035,2,0,11.0,1,0,0,0,0
19036,3,0,9.0,0,0,0,0,0
19037,37,0,121.0,0,0,0,0,0
19038,282,13,1298.5,13,4,0,0,0
19039,6799,707,43304.5,216,173,111,7,9
19040,8,0,24.0,0,0,0,0,0
19041,377,5,1363.5,1,1,0,0,0
19042,7,0,21.0,1,0,0,0,0
19043,5,0,15.0,2,0,0,0,0
19044,201,12,1003.0,9,0,0,0,0
19045,376,5,1330.5,2,2,0,0,0
19046,2372,195,13393.5,11,45,37,8,1
19047,85,3,337.5,6,0,0,0,0
19048,1090,64,5000.0,6,28,15,7,1
19049,333,41,2146.5,13,2,2,1,0
19050,8,1,101.5,0,0,0,0,0
19051,33,0,99.0,1,0,0,0,0
20001,3,0,9.0,0,0,0,0,0
20002,268,1,856.5,3,0,0,0,0
20003,6,0,18.0,0,0,0,0,0
20004,8,0,24.0,0,0,0,0,0
20005,120,0,375.0,0,0,0,0,0
20006,339,0,1072.0,14,2,0,0,0
20007,16,0,48.0,0,0,0,0,0
20008,5,0,15.0,0,0,0,0,0
20009,38,0,114.0,0,0,0,0,0
20010,76,1,245.5,1,1,0,0,0
20011,5,0,15.0,1,0,0,0,0
20012,49,0,147.0,0,0,0,0,0
20013,38,0,114.0,0,0,0,0,0
20014,516,7,1785.5,14,0,0,0,0
20015,6,0,18.0,0,0,0,0,0
20016,27,0,81.0,0,0,0,0,0
20017,4,0,17.0,0,0,0,0,0
20018,2,0,6.0,1,0,0,0,0
20019,5,0,15.0,0,0,0,0,0
20020,11,0,38.0,0,0,0,0,0
20021,144,0,432.0,2,0,0,0,0
20022,2,0,6.0,1,0,0,0,0
20023,129,0,397.0,1,0,0,0,0
20024,8,0,24.0,0,0,0,0,0
20025,227,0,691.0,5,0,0,0,0
20026,103,0,334.0,6,0,0,0,0
20027,5,0,15.0,0,0,0,0,0
20028,139,0,467.0,3,0,0,0,0
20029,7,0,21.0,1,0,0,0,0
20030,146,1,490.5,3,0,0,0,0
20031,49,0,147.0,0,0,0,0,0
20032,5,0,15.0,0,0,0,0,0
20033,27,0,86.0,0,0,0,0,0
20034,8,0,24.0,1,0,0,0,0
20035,12,0,36.0,0,0,0,0,0
20036,22,0,66.0,0,0,0,0,0
20037,9,0,27.0,0,0,0,0,0
20038,11,0,33.0,2,0,0,0,0
20039,837,19,3088.5,34,3,0,0,0
20040,8,0,24.0,0,0,0,0,0
20041,210,0,645.0,11,1,0,0,0
20042,56,0,178.0,1,0,0,0,0
20043,1767,15,5798.5,26,0,3,3,0
20044,484,4,1622.0,13,0,0,0,0
20045,44,0,142.0,0,0,0,0,0
20046,22,0,71.0,0,0,0,0,0
20049,6,0,18.0,0,0,0,0,0
20050,11,0,38.0,0,0,0,0,0
20051,14,0,47.0,0,0,0,0,0
20052,76,0,233.0,1,0,0,0,0
20053,37,0,111.0,0,0,0,0,0
20054,7,0,21.0,0,0,0,0,0
20055,37,0,116.0,3,0,0,0,0
20056,19,0,57.0,0,0,0,0,0
20057,391,3,1310.5,13,0,0,0,0
20058,9,0,27.0,0,0,0,0,0
20059,429,8,1512.0,17,1,0,0,0
20060,4,0,12.0,0,0,0,0,0
20061,15,0,45.0,0,0,0,0,0
20062,1,0,3.0,0,0,0,0,0
20063,47,0,141.0,0,0,0,0,0
20064,18,0,54.0,1,0,0,0,0
20065,10,0,30.0,0,0,0,0,0
20066,65,0,200.0,2,0,0,0,0
20067,4265,192,18895.0,408,24,16,6,3
20068,238,3,826.5,9,1,0,0,0
20069,10,0,30.0,0,0,0,0,0
20070,38,0,114.0,1,0,0,0,0
20071,38,1,146.5,2,0,0,0,0
20072,16,0,48.0,0,0,0,0,0
20073,258,1,841.5,9,0,0,0,0
20075,76,0,228.0,2,0,0,0,0
20076,19,0,57.0,1,0,0,0,0
20077,11,0,33.0,0,0,0,0,0
20078,12,0,36.0,0,0,0,0,0
20079,1056,16,3768.0,39,4,2,1,0
20080,15,0,55.0,0,0,0,0,0
20081,5,0,15.0,0,0,0,0,0
20082,23,0,69.0,0,0,0,0,0
20083,105,3,447.5,6,0,1,1,0
20084,45,0,150.0,3,0,0,0,0
20085,26,0,78.0,2,0,0,0,0
20086,13,0,39.0,0,0,0,0,0
20087,85,1,312.5,9,0,0,0,0
20088,12,0,36.0,0,0,0,0,0
20089,1,0,3.0,0,0,0,0,0
20090,75,0,235.0,2,0,0,0,0
20091,125,1,432.5,1,0,0,0,0
20092,5,0,15.0,0,0,0,0,0
20094,10,0,30.0,0,0,0,0,0
20095,7,0,21.0,0,0,0,0,0
20096,12,0,41.0,0,0,0,0,0
20097,3,0,9.0,0,0,0,0,0
20098,16,0,48.0,0,0,0,0,0
20099,1,0,3.0,0,0,0,0,0
20100,2,0,6.0,0,0,0,0,0
20101,2,0,6.0,0,0,0,0,0
20102,23,0,69.0,2,0,0,0,0
20103,90,0,275.0,0,0,0,0,0
20104,16,0,48.0,0,0,0,0,0
20105,6,0,18.0,0,0,0,0,0
20107,199,0,632.0,3,0,0,0,0
20108,6,0,18.0,0,0,0,0,0
20109,6,0,18.0,0,0,0,0,0
20110,5,0,15.0,0,0,0,0,0
20111,26,0,78.0,0,0,0,0,0
20112,16,0,48.0,0,0,0,0,0
20113,26,0,78.0,1,0,0,0,0
20115,136,1,465.5,3,0,0,0,0
20116,15,0,45.0,0,0,0,0,0
20117,7,0,21.0,0,0,0,0,0
20118,24,0,72.0,1,0,0,0,0
20119,2,0,6.0,0,0,0,0,0
20120,7,0,21.0,0,0,0,0,0
20122,2,0,6.0,0,0,0,0,0
20123,18,0,54.0,0,0,0,0,0
20124,452,0,1366.0,0,0,0,0,0
20125,3,0,9.0,1,0,0,0,0
20126,27,0,81.0,0,0,0,0,0
20128,8,0,24.0,2,0,0,0,0
20129,7,0,21.0,0,0,0,0,0
20130,32,0,96.0,0,0,0,0,0
20131,56,0,168.0,0,0,0,0,0
20132,4,0,12.0,0,0,0,0,0
20133,11,0,33.0,0,0,0,0,0
20134,57,0,186.0,3,0,0,0,0
20135,19,0,57.0,0,0,0,0,0
20136,42,0,136.0,3,0,0,0,0
20137,8,0,24.0,0,0,0,0,0
20138,4,0,12.0,0,0,0,0,0
20139,6,0,18.0,0,0,0,0,0
20141,160,0,500.0,1,0,0,0,0
20142,5,0,15.0,0,0,0,0,0
20143,146,0,443.0,4,0,0,0,0
20144,2,0,6.0,0,0,0,0,0
20145,55,0,185.0,4,0,0,0,0
20146,4,0,12.0,0,0,0,0,0
20147,1,0,3.0,0,0,0,0,0
20148,2,0,6.0,0,0,0,0,0
20149,11,0,33.0,0,0,0,0,0
20150,157,0,471.0,4,0,0,0,0
20152,3,0,9.0,1,0,0,0,0
20153,109,0,332.0,4,1,0,0,0
20154,6,0,18.0,0,0,0,0,0
20155,5,0,15.0,0,0,0,0,0
20156,19,0,72.0,2,0,0,0,0
20157,153,2,519.0,6,0,0,0,0
20158,9,0,27.0,1,0,0,0,0
20159,9,0,27.0,0,0,0,0,0
20160,5,0,15.0,0,0,0,0,0
20161,1,0,3.0,0,0,0,0,0
20162,6,0,18.0,0,0,0,0,0
20163,9,0,27.0,0,0,0,0,0
20164,9,0,27.0,0,0,0,0,0
20165,4,0,12.0,0,0,0,0,0
20166,47,1,173.5,2,0,0,0,0
20167,4,0,12.0,0,0,0,0,0
20168,3,0,9.0,0,0,0,0,0
20169,9,0,27.0,0,0,0,0,0
20170,9,0,27.0,0,0,0,0,0
20171,30,0,90.0,2,0,0,0,0
20173,6,0,18.0,1,0,0,0,0
20174,44,0,142.0,2,0,0,0,0
20175,5,0,15.0,0,0,0,0,0
20176,27,0,81.0,3,0,0,0,0
20177,97,0,306.0,3,0,0,0,0
20178,1,0,3.0,0,0,0,0,0
20179,6,0,18.0,0,0,0,0,0
20180,11,0,33.0,0,0,0,0,0
20181,2,0,6.0,0,0,0,0,0
20182,1,0,3.0,0,0,0,0,0
20183,2,0,6.0,1,0,0,0,0
20184,1261,17,4440.5,43,2,1,1,1
20185,68,0,204.0,4,0,0,0,0
20186,5,0,15.0,0,0,0,0,0
20187,2,0,6.0,0,0,0,0,0
20188,22,0,66.0,0,0,0,0,0
20189,5,0,15.0,0,0,0,0,0
20190,74,0,227.0,2,0,0,0,0
20191,4,0,12.0,0,0,0,0,0
20192,11,0,33.0,0,0,0,0,0
20193,12,0,36.0,0,0,0,0,0
20194,7,0,21.0,0,0,0,0,0
20195,8,0,24.0,0,0,0,0,0
20196,4,0,12.0,0,0,0,0,0
20197,75,0,225.0,0,0,0,0,0
20198,55,1,187.5,2,0,0,0,0
20199,2,0,6.0,1,0,0,0,0
20200,8,0,24.0,0,0,0,0,0
20202,92,0,276.0,0,0,0,0,0
20203,4,0,12.0,0,0,0,0,0
20204,4,0,12.0,0,0,0,0,0
20205,5,0,15.0,0,0,0,0,0
20206,15,0,45.0,0,0,0,0,0
20207,14,0,42.0,0,0,0,0,0
20208,46,0,138.0,2,0,0,0,0
20209,2,0,6.0,0,0,0,0,0
20210,12,0,36.0,0,0,0,0,0
20211,5,0,15.0,0,0,0,0,0
20212,2,0,6.0,0,0,0,0,0
20213,20,0,60.0,1,0,0,0,0
20214,18,0,54.0,0,0,0,0,0
20215,2,0,6.0,0,0,0,0,0
20216,5,0,15.0,0,0,0,0,0
20217,2,0,6.0,0,0,0,0,0
20218,1,0,3.0,0,0,0,0,0
20219,28,0,84.0,0,0,0,0,0
20220,3,0,9.0,0,0,0,0,0
20221,2,0,6.0,0,0,0,0,0
20222,2,0,6.0,0,0,0,0,0
20223,3,0,9.0,0,0,0,0,0
20224,1,0,3.0,0,0,0,0,0
20225,9,0,27.0,0,0,0,0,0
20226,14,0,42.0,1,0,0,0,0
20227,170,0,540.0,3,0,0,0,0
20228,4,0,12.0,0,0,0,0,0
20229,12,0,36.0,0,0,0,0,0
20230,3,0,9.0,0,0,0,0,0
20231,4,0,12.0,1,0,0,0,0
20232,50,0,155.0,0,0,0,0,0
20233,6,0,18.0,0,0,0,0,0
20234,4,0,12.0,0,0,0,0,0
20235,4,0,12.0,1,0,0,0,0
20236,2,0,6.0,0,0,0,0,0
20237,27,0,81.0,0,0,0,0,0
20238,16,0,48.0,0,0,0,0,0
20239,4,0,12.0,0,0,0,0,0
20240,1,0,3.0,0,0,0,0,0
20241,13,0,39.0,0,0,0,0,0
20242,29,0,87.0,1,0,0,0,0
20243,6,1,40.5,0,0,0,0,0
20244,26,0,78.0,2,0,0,0,0
20245,3,0,9.0,0,0,0,0,0
20246,6,0,18.0,0,0,0,0,0
20247,16,0,48.0,4,0,0,0,0
20248,84,0,252.0,0,0,0,0,0
20249,9,0,27.0,2,0,0,0,0
20250,8,0,29.0,0,0,0,0,0
20251,2,0,6.0,0,0,0,0,0
20252,14,0,47.0,1,0,0,0,0
20253,10,0,30.0,0,0,0,0,0
20254,16,0,48.0,2,0,0,0,0
20255,20,0,60.0,0,0,0,0,0
20257,1,0,3.0,0,0,0,0,0
20258,3,0,9.0,0,0,0,0,0
20259,8,0,24.0,0,0,0,0,0
20260,6,0,18.0,0,0,0,0,0
20261,3,0,9.0,0,0,0,0,0
20262,18,0,54.0,4,0,0,0,0
20263,14,0,42.0,0,0,0,0,0
20264,3,0,9.0,0,0,0,0,0
20265,14,0,42.0,0,0,0,0,0
20266,76,0,238.0,4,0,0,0,0
20268,4,0,12.0,0,0,0,0,0
20269,29,0,92.0,2,0,0,0,0
20270,2,0,6.0,0,0,0,0,0
20271,7,0,21.0,0,0,0,0,0
20272,108,0,334.0,1,0,0,0,0
20273,10,0,30.0,0,0,0,0,0
20274,2,0,6.0,0,0,0,0,0
20275,17,0,51.0,1,0,0,0,0
20276,2,0,6.0,0,0,0,0,0
20277,60,0,185.0,6,0,0,0,0
20278,131,0,393.0,3,0,0,0,0
20279,13,0,39.0,0,0,0,0,0
20280,21,0,63.0,2,0,0,0,0
20281,2,0,6.0,0,0,0,0,0
20282,1,0,3.0,0,0,0,0,0
20283,4,0,12.0,0,0,0,0,0
20284,7,0,21.0,0,0,0,0,0
20285,46,0,138.0,0,0,0,0,0
20286,28,0,84.0,2,0,0,0,0
20287,3,0,9.0,0,0,0,0,0
20289,3,0,9.0,0,0,0,0,0
20290,10,0,30.0,0,0,0,0,0
20291,13,0,39.0,0,0,0,0,0
20292,2,0,6.0,0,0,0,0,0
20293,58,0,194.0,4,0,0,0,0
20294,72,0,221.0,1,1,0,0,0
20295,142,0,451.0,0,0,0,0,0
20296,1,0,3.0,1,0,0,0,0
20297,3,0,9.0,0,0,0,0,0
20298,157,0,491.0,12,0,0,0,0
20299,19,0,57.0,1,0,0,0,0
20300,45,0,135.0,2,0,0,0,0
20301,13,0,39.0,0,0,0,0,0
20302,33,0,99.0,0,0,0,0,0
20303,15,0,45.0,1,0,0,0,0
20305,70,0,210.0,0,0,0,0,0
20306,8,0,24.0,0,0,0,0,0
20307,35,0,105.0,0,0,0,0,0
20308,59,0,177.0,0,0,0,0,0
20309,66,0,198.0,1,0,0,0,0
20310,34,0,107.0,0,0,0,0,0
20311,1,0,3.0,0,0,0,0,0
20312,34,0,102.0,1,0,0,0,0
20313,1,0,3.0,0,0,0,0,0
20314,110,0,340.0,2,0,0,0,0
20315,4,0,12.0,0,0,0,0,0
20316,5,0,15.0,0,0,0,0,0
20317,1,0,3.0,0,0,0,0,0
20318,1140,13,4222.5,155,1,1,1,0
20319,5,0,15.0,0,0,0,0,0
20320,2,0,6.0,0,0,0,0,0
20322,4,0,12.0,0,0,0,0,0
20323,4,0,12.0,0,0,0,0,0
20324,656,3,2180.5,81,0,0,0,0
20325,33,0,104.0,1,0,0,0,0
20326,12,0,36.0,0,0,0,0,0
20327,170,0,530.0,2,0,0,0,0
20328,1,0,3.0,0,0,0,0,0
20329,8,0,24.0,0,0,0,0,0
20330,16,0,53.0,0,0,0,0,0
20331,9,0,27.0,0,0,0,0,0
20332,1,0,3.0,0,0,0,0,0
20333,28,0,84.0,0,0,0,0,0
20334,712,2,2271.0,37,0,0,0,0
20335,1,0,3.0,0,0,0,0,0
20336,5,0,15.0,0,0,0,0,0
20337,66,0,208.0,7,0,0,0,0
20338,166,1,560.5,5,0,0,0,0
20339,51,0,153.0,3,0,0,0,0
20340,9,0,27.0,0,0,0,0,0
20342,53,0,164.0,0,0,0,0,0
20343,14,0,42.0,0,0,0,0,0
20344,10,0,30.0,0,0,0,0,0
20345,19,0,57.0,1,0,0,0,0
20346,15,0,45.0,0,0,0,0,0
20347,8,0,24.0,0,0,0,0,0
20348,38,0,114.0,0,0,0,0,0
20349,13,0,39.0,0,0,0,0,0
20350,171,1,610.5,9,0,0,0,0
20351,6,0,18.0,0,0,0,0,0
20352,4,0,12.0,0,0,0,0,0
20353,10,0,30.0,0,0,0,0,0
20354,2,0,6.0,0,0,0,0,0
20355,3,0,9.0,0,0,0,0,0
20356,17,0,51.0,0,0,0,0,0
20357,5,0,15.0,0,0,0,0,0
20358,9,0,27.0,0,0,0,0,0
20359,1,0,3.0,0,0,0,0,0
20360,28,0,84.0,1,0,0,0,0
20361,1,0,3.0,0,0,0,0,0
20362,19,0,62.0,0,0,0,0,0
20363,58,3,241.5,6,0,0,0,0
20364,216,0,703.0,55,0,0,0,0
20365,6,0,18.0,4,0,0,0,0
20366,15,0,45.0,0,0,0,0,0
20367,58,0,174.0,0,0,0,0,0
20368,12,0,36.0,0,0,0,0,0
20369,22,0,71.0,0,0,0,0,0
20370,4,0,12.0,0,0,0,0,0
20371,9,0,27.0,0,0,0,0,0
20372,7,0,21.0,0,0,0,0,0
20374,2,0,6.0,0,0,0,0,0
20375,102,1,333.5,3,0,0,0,0
20376,1,0,3.0,0,0,0,0,0
20377,39,0,117.0,0,0,0,0,0
20378,14,0,42.0,0,0,0,0,0
20379,3,0,9.0,0,0,0,0,0
20380,28,0,84.0,0,0,0,0,0
20381,23,0,69.0,0,0,0,0,0
20382,5,0,15.0,0,0,0,0,0
20384,11,0,33.0,0,0,0,0,0
20385,761,13,2735.5,7,2,3,2,0
20386,12,0,36.0,1,0,0,0,0
20387,44,0,132.0,1,0,0,0,0
20388,5,0,15.0,0,0,0,0,0
20389,2,0,6.0,0,0,0,0,0
20390,582,10,2221.0,12,2,4,2,1
20392,9,0,27.0,1,0,0,0,0
20393,20,0,60.0,0,0,0,0,0
20394,9,0,27.0,0,0,0,0,0
20396,11,0,33.0,0,0,0,0,0
20397,444,4,1497.0,16,1,0,0,0
20398,65,0,200.0,2,0,0,0,0
20399,210,0,675.0,3,0,0,0,0
20400,7,0,21.0,1,0,0,0,0
20401,508,34,2519.0,120,0,0,0,0
20402,16,0,48.0,0,0,0,0,0
20403,46,0,158.0,4,0,0,0,0
20404,4,0,12.0,0,0,0,0,0
20405,7,0,21.0,0,0,0,0,0
20406,41,0,123.0,1,0,0,0,0
20407,14,0,42.0,0,0,0,0,0
20409,175,3,657.5,3,0,0,0,0
20410,3,0,9.0,0,0,0,0,0
20411,9,0,27.0,0,0,0,0,0
20412,51,0,153.0,0,0,0,0,0
20413,700,40,3355.0,160,11,3,1,0
20414,52,0,161.0,0,0,0,0,0
20415,17,0,51.0,0,0,0,0,0
20416,1,0,3.0,0,0,0,0,0
20417,15,0,45.0,0,0,0,0,0
20418,183,0,569.0,4,0,0,0,0
20419,5,0,15.0,0,0,0,0,0
20420,7,0,21.0,0,0,0,0,0
20421,98,0,304.0,0,0,0,0,0
20423,1,0,3.0,0,0,0,0,0
20424,6,0,18.0,0,0,0,0,0
20425,3,0,9.0,0,0,0,0,0
20426,7,0,21.0,0,0,0,0,0
20427,102,0,316.0,0,0,0,0,0
20428,4,0,12.0,0,0,0,0,0
20429,10,0,30.0,0,0,0,0,0
20430,1,0,3.0,0,0,0,0,0
20431,12,0,36.0,1,0,0,0,0
20432,7,0,21.0,0,0,0,0,0
20433,9,0,27.0,0,0,0,0,0
20434,4,0,12.0,0,0,0,0,0
20435,17,0,51.0,1,0,0,0,0
20437,35,0,115.0,2,0,0,0,0
20438,10,0,30.0,1,0,0,0,0
20439,406,4,1458.0,54,0,0,0,0
20440,8,0,24.0,0,0,0,0,0
20441,167,0,526.0,0,0,0,0,0
20442,2,0,6.0,0,0,0,0,0
20443,3,0,9.0,0,0,0,0,0
20444,4,0,12.0,0,0,0,0,0
20446,4,0,12.0,0,0,0,0,0
20447,100,0,305.0,4,0,0,0,0
20448,4,0,12.0,0,0,0,0,0
20449,17,0,51.0,0,0,0,0,0
20450,14,0,42.0,0,0,0,0,0
20451,5,0,15.0,3,0,0,0,0
20452,29,0,87.0,0,0,0,0,0
20453,58,0,184.0,2,0,0,0,0
20454,3,0,9.0,0,0,0,0,0
20455,12,0,36.0,1,0,0,0,0
20456,3,0,9.0,0,0,0,0,0
20457,4,0,12.0,0,0,0,0,0
20458,3,0,9.0,0,0,0,0,0
20459,47,0,141.0,1,0,0,0,0
20460,5,0,15.0,0,0,0,0,0
20461,1,0,3.0,0,0,0,0,0
20462,19,0,62.0,1,0,0,0,0
20463,1,0,3.0,0,0,0,0,0
20464,2,0,6.0,0,0,0,0,0
20465,8,0,24.0,0,0,0,0,0
20466,15,0,45.0,1,0,0,0,0
20467,222,0,676.0,11,0,0,0,0
20468,16,0,48.0,0,0,0,0,0
20469,248,0,814.0,12,0,0,0,0
20470,13,0,39.0,0,0,0,0,0
20471,2,0,6.0,0,0,0,0,0
20472,72,0,226.0,0,0,0,0,0
20474,15,0,45.0,0,0,0,0,0
20475,108,0,339.0,0,0,0,0,0
20476,4,0,12.0,0,0,0,0,0
20477,3,0,9.0,0,0,0,0,0
20478,3,0,9.0,0,0,0,0,0
20480,1,0,3.0,1,0,0,0,0
20481,11,0,33.0,0,0,0,0,0
20482,537,2,1741.0,21,2,0,0,0
20483,59,0,182.0,1,0,0,0,0
20484,23,0,69.0,4,0,0,0,0
20485,8,0,24.0,0,0,0,0,0
20486,25,0,85.0,0,0,0,0,0
20487,3,0,9.0,0,0,0,0,0
20489,14,0,42.0,0,0,0,0,0
20490,6,0,18.0,0,0,0,0,0
20491,4,0,12.0,0,0,0,0,0
20492,18,0,54.0,0,0,0,0,0
20493,2,0,6.0,0,0,0,0,0
20494,4,0,12.0,0,0,0,0,0
20495,3,0,9.0,0,0,0,0,0
20496,4,0,12.0,0,0,0,0,0
20497,21,0,68.0,0,0,0,0,0
20498,5,0,15.0,0,0,0,0,0
20499,33,0,99.0,1,0,0,0,0
20500,50,0,150.0,2,0,0,0,0
20501,2,0,6.0,0,0,0,0,0
20502,12,0,36.0,1,0,0,0,0
20503,5,0,15.0,0,0,0,0,0
20504,9,0,27.0,0,0,0,0,0
20505,84,0,267.0,2,0,0,0,0
20506,3,0,9.0,0,0,0,0,0
20507,25,0,75.0,0,0,0,0,0
20508,16,0,48.0,0,0,0,0,0
20509,32,0,101.0,0,0,0,0,0
20510,4,0,12.0,0,0,0,0,0
20511,4,0,12.0,0,0,0,0,0
20512,3,0,9.0,0,0,0,0,0
20513,75,0,225.0,0,0,0,0,0
20515,1141,2,3573.0,15,1,0,0,0
20516,26,0,83.0,2,0,0,0,0
20517,25,0,75.0,0,0,0,0,0
20519,29,0,92.0,0,0,0,0,0
20520,36,0,108.0,2,0,0,0,0
20522,10,0,35.0,0,0,0,0,0
20523,10,0,35.0,3,0,0,0,0
20525,163,0,504.0,3,0,0,0,0
20526,151,0,453.0,5,0,0,0,0
20527,4,0,12.0,1,0,0,0,0
20528,7,0,21.0,0,0,0,0,0
20530,12,0,36.0,0,0,0,0,0
20531,16,0,48.0,0,0,0,0,0
20532,7,0,21.0,0,0,0,0,0
20533,16,0,58.0,1,0,0,0,0
20534,11,0,33.0,0,0,0,0,0
20535,9,0,32.0,0,0,0,0,0
20537,42,0,131.0,4,0,0,0,0
20539,41,0,123.0,2,0,0,0,0
20540,104,0,332.0,7,0,0,0,0
20541,4,0,12.0,0,0,0,0,0
20542,2,0,6.0,0,0,0,0,0
20543,38,0,114.0,0,0,0,0,0
20544,7,0,21.0,1,0,0,0,0
20545,116,0,363.0,6,0,0,0,0
20546,64,1,234.5,1,0,0,0,0
20547,8,0,24.0,0,0,0,0,0
20548,39,0,122.0,3,0,0,0,0
20549,36,0,113.0,1,0,0,0,0
20550,62,0,191.0,1,0,0,0,0
20551,328,1,1101.5,5,0,0,0,0
20552,2,0,6.0,0,0,0,0,0
20553,196,4,693.0,3,0,0,0,0
20554,10,0,30.0,1,0,0,0,0
20555,8,0,24.0,0,0,0,0,0
20557,223,0,684.0,2,0,0,0,0
20558,2,0,6.0,0,0,0,0,0
20559,106,1,345.5,5,0,0,0,0
20560,38,0,114.0,1,0,0,0,0
20561,11,0,33.0,0,0,0,0,0
20562,13,0,39.0,1,0,0,0,0
20563,1,0,3.0,0,0,0,0,0
20564,5,0,15.0,0,0,0,0,0
20565,401,3,1340.5,2,1,0,0,0
20566,12,0,36.0,0,0,0,0,0
20567,24,0,72.0,0,0,0,0,0
20568,3,0,9.0,0,0,0,0,0
20569,14,0,42.0,0,0,0,0,0
20570,255,2,845.0,8,0,0,0,0
21001,302,1,953.5,5,0,0,0,0
21002,56,0,168.0,1,0,0,0,0
21003,373,3,1216.5,11,1,0,0,0
21004,327,2,1141.0,12,0,0,0,0
21005,4,0,12.0,0,0,0,0,0
21006,38,0,114.0,3,0,0,0,0
21007,10,0,30.0,0,0,0,0,0
21008,50,0,150.0,1,0,0,0,0
21009,11,0,33.0,0,0,0,0,0
21010,420,1,1332.5,4,0,0,0,0
21011,15,0,50.0,0,0,0,0,0
21012,21,0,63.0,1,0,0,0,0
21013,256,2,848.0,4,0,0,0,0
21014,22,0,66.0,0,0,0,0,0
21015,801,7,2655.5,13,2,4,2,0
21016,12,0,36.0,2,0,0,0,0
21017,147,1,468.5,3,0,0,0,0
21018,8,0,24.0,1,0,0,0,0
21019,1247,33,4788.5,74,9,4,4,0
21020,49,0,157.0,1,0,0,0,0
21021,10,0,30.0,0,0,0,0,0
21022,63,0,189.0,0,0,0,0,0
21023,35,0,105.0,1,0,0,0,0
21024,2,0,6.0,0,0,0,0,0
21025,70,0,215.0,3,0,0,0,0
21026,76,1,245.5,2,0,0,0,0
21027,4,0,12.0,0,0,0,0,0
21028,8,0,24.0,0,0,0,0,0
21029,26,0,78.0,1,0,0,0,0
21030,7,0,21.0,0,0,0,0,0
21031,36,0,108.0,0,0,0,0,0
21032,4,0,12.0,0,0,0,0,0
21033,5,0,15.0,0,0,0,0,0
21034,292,5,1063.5,3,3,3,3,1
21035,144,0,437.0,3,0,0,0,0
21036,13,0,39.0,3,0,0,0,0
21037,8,0,24.0,0,0,0,0,0
21038,101,0,328.0,3,0,0,0,0
21039,35,0,105.0,2,0,0,0,0
21040,43,0,134.0,0,0,0,0,0
21041,825,9,2772.5,6,6,3,3,0
21042,18,0,54.0,1,0,0,0,0
21043,178,1,611.5,41,0,0,0,0
21044,69,0,207.0,0,0,0,0,0
21045,258,0,859.0,23,2,0,0,0
21046,40,1,142.5,1,0,0,0,0
21047,228,1,741.5,5,0,0,0,0
21048,140,0,425.0,1,0,0,0,0
21049,15,0,45.0,1,0,0,0,0
21050,23,0,69.0,1,0,0,0,0
21051,299,0,907.0,4,0,0,0,0
21052,10,0,30.0,2,0,0,0,0
21053,361,7,1310.5,68,4,0,0,0
21054,131,2,443.0,4,0,0,0,0
21055,24,0,72.0,0,0,0,0,0
21056,6,0,18.0,0,0,0,0,0
21057,14,0,42.0,1,0,0,0,0
21058,108,0,339.0,7,0,0,0,0
21059,23,0,74.0,2,0,0,0,0
21060,28,0,89.0,0,0,0,0,0
21061,15,0,50.0,1,0,0,0,0
21062,29,0,97.0,1,0,0,0,0
21063,108,2,384.0,2,0,0,0,0
21064,69,0,207.0,2,0,0,0,0
21065,96,1,315.5,0,0,0,0,0
21066,31,0,93.0,0,0,0,0,0
21067,132,1,438.5,5,0,0,0,0
21068,11,0,33.0,1,0,0,0,0
21069,92,0,276.0,1,0,0,0,0
21070,11,1,50.5,1,0,0,0,0
21071,858,6,2869.0,40,7,0,0,0
21072,60,0,195.0,2,0,0,0,0
21073,94,0,302.0,0,0,0,0,0
21074,625,2,2025.0,13,3,2,2,0
21075,72,0,226.0,3,0,0,0,0
21076,85,0,260.0,5,0,0,0,0
21077,7,0,21.0,0,0,0,0,0
21078,34,0,102.0,0,0,0,0,0
21079,22,0,71.0,0,0,0,0,0
21080,8,0,24.0,0,0,0,0,0
21081,12,0,36.0,2,0,0,0,0
21082,77,0,246.0,5,0,0,0,0
21083,14,0,42.0,1,0,0,0,0
21084,36,0,108.0,1,0,0,0,0
21085,899,6,3047.0,30,1,1,1,0
21087,52,0,161.0,0,0,0,0,0
21088,12,0,36.0,6,0,0,0,0
21089,67,0,201.0,1,0,0,0,0
21090,121,1,395.5,1,0,0,0,0
21091,110,0,350.0,6,0,0,0,0
21092,10,0,30.0,0,0,0,0,0
21093,2,0,6.0,0,0,0,0,0
21094,273,1,916.5,17,4,0,0,0
21095,6,0,18.0,0,0,0,0,0
21096,8,0,24.0,0,0,0,0,0
21097,16,0,48.0,1,0,0,0,0
21098,29,0,87.0,1,0,0,0,0
21099,67,0,206.0,2,0,0,0,0
21100,14,0,42.0,0,0,0,0,0
21101,13,0,39.0,1,0,0,0,0
21102,170,1,552.5,0,1,0,0,0
21103,28,0,84.0,0,0,0,0,0
21104,102,0,326.0,4,0,0,0,0
21105,13,0,39.0,1,0,0,0,0
21106,154,1,509.5,1,0,1,1,0
21107,26,0,78.0,3,0,0,0,0
21108,109,0,352.0,7,0,0,0,0
21109,84,0,252.0,12,0,0,0,0
21110,215,0,680.0,5,0,0,0,0
21111,46,0,148.0,3,0,0,0,0
21112,46,0,143.0,1,0,0,0,0
21113,28,0,84.0,1,0,0,0,0
21114,13644,490,55672.0,323,172,100,8,14
21115,281,0,893.0,4,1,0,0,0
21116,9,0,27.0,0,0,0,0,0
21117,161,0,543.0,7,2,0,0,0
21118,175,0,545.0,1,0,0,0,0
21119,1598,123,8231.5,24,69,26,7,2
21120,5,0,15.0,0,0,0,0,0
21121,3,0,9.0,0,0,0,0,0
21122,91,0,278.0,0,0,0,0,0
21123,3,0,9.0,0,0,0,0,0
21124,231,1,720.5,3,0,0,0,0
21125,86,3,360.5,2,2,0,0,0
21126,19,0,62.0,0,0,0,0,0
21127,28,0,84.0,0,0,0,0,0
21128,35,0,105.0,2,0,0,0,0
21129,70,1,237.5,1,0,0,0,0
21130,19,0,57.0,2,0,0,0,0
21131,15,0,45.0,0,0,0,0,0
21132,1594,17,5459.5,33,3,3,3,0
21133,10,0,30.0,0,0,0,0,0
21134,153,0,469.0,4,0,0,0,0
21136,123,0,399.0,3,0,0,0,0
21137,72,0,216.0,2,0,0,0,0
21138,81,0,243.0,0,0,0,0,0
21139,21,0,68.0,1,0,0,0,0
21140,1332,53,5473.5,43,11,9,6,1
21141,30,0,95.0,0,0,0,0,0
21142,230,0,750.0,9,0,0,0,0
21143,282,1,918.5,8,1,0,0,0
21144,200,1,702.5,5,0,0,0,0
21145,14,0,42.0,2,0,0,0,0
21146,6,0,18.0,0,0,0,0,0
21147,35,1,122.5,1,0,0,0,0
21148,36,1,145.5,3,0,0,0,0
21149,130,0,410.0,0,0,0,0,0
21150,17,0,51.0,5,0,0,0,0
21151,78,0,239.0,1,0,0,0,0
21152,44,0,132.0,1,0,0,0,0
21153,135,0,430.0,3,0,0,0,0
21154,524,7,1959.5,20,0,0,0,0
21155,39,1,149.5,4,0,0,0,0
21156,2683,57,9926.5,88,19,5,4,1
21157,127,0,386.0,5,1,0,0,0
21158,36,0,108.0,0,0,0,0,0
21159,43,0,144.0,1,0,0,0,0
21160,12,0,36.0,0,0,0,0,0
21161,141,0,453.0,2,0,0,0,0
21162,11,0,33.0,1,0,0,0,0
21163,117,0,356.0,1,0,0,0,0
21164,745,10,2565.0,23,4,0,0,0
21165,3,0,9.0,0,0,0,0,0
21166,111,0,338.0,1,0,0,0,0
21167,3,0,9.0,1,0,0,0,0
21168,63,0,189.0,1,0,0,0,0
21169,86,0,263.0,5,0,0,0,0
21170,77,0,251.0,3,1,0,0,0
21171,31,0,98.0,3,0,0,0,0
21172,135,0,415.0,8,1,0,0,0
21173,43,0,134.0,5,0,0,0,0
21174,834,13,2939.5,26,7,4,3,0
21175,33,0,104.0,2,0,0,0,0
21176,23,0,74.0,1,0,0,0,0
21177,256,0,828.0,8,2,0,0,0
21178,23,0,79.0,1,0,0,0,0
21179,95,0,300.0,3,0,0,0,0
21180,198,0,619.0,3,0,0,0,0
21181,35,0,105.0,0,0,0,0,0
21182,17,0,51.0,0,0,0,0,0
21183,36,0,108.0,0,0,0,0,0
21184,11,0,33.0,2,0,0,0,0
21185,57,1,188.5,2,0,0,0,0
21186,240,4,860.0,21,0,0,0,0
21187,11,0,38.0,1,0,0,0,0
21188,66,0,208.0,1,0,0,0,0
21189,143,0,429.0,3,0,2,1,0
21190,12,0,36.0,0,0,0,0,0
21191,128,1,416.5,11,0,0,0,0
21192,16,0,48.0,1,0,0,0,0
21193,3,0,9.0,0,0,0,0,0
21194,292,1,948.5,7,0,0,0,0
21195,63,0,199.0,3,0,0,0,0
21196,9,0,27.0,0,0,0,0,0
21197,668,4,2159.0,26,1,0,0,0
21198,4,0,12.0,0,0,0,0,0
21199,174,1,579.5,3,0,0,0,0
21200,13,0,39.0,1,0,0,0,0
21201,16,0,53.0,0,0,0,0,0
21202,23,0,69.0,4,0,0,0,0
21203,32,0,96.0,2,0,0,0,0
21204,33,0,99.0,0,0,0,0,0
21205,127,0,401.0,0,0,0,0,0
21206,26,0,78.0,0,0,0,0,0
21207,345,1,1127.5,10,1,0,0,0
21208,544,15,2074.5,87,3,1,1,0
21209,62,1,208.5,7,0,0,0,0
21210,48,0,149.0,3,0,0,0,0
21211,194,0,617.0,7,0,0,0,0
21212,74,0,227.0,3,0,0,0,0
21213,28,0,84.0,0,0,0,0,0
21214,215,0,650.0,4,0,0,0,0
21215,28,0,84.0,0,0,0,0,0
21216,4,0,12.0,0,0,0,0,0
21217,45,0,135.0,3,0,0,0,0
22001,161,0,518.0,8,1,0,0,0
22002,48,0,149.0,24,0,0,0,0
22003,80,0,255.0,5,0,0,0,0
22004,237,3,863.5,12,0,0,0,0
22005,206,6,828.0,3,1,3,2,0
22006,1287,57,5603.5,10,62,15,5,0
22007,468,29,2261.5,91,6,0,0,0
22008,69,5,359.5,1,1,0,0,0
22009,207,1,728.5,17,2,0,0,0
22010,34,0,102.0,5,0,0,0,0
22011,1043,45,4471.5,10,26,10,4,0
22012,404,6,1527.0,4,1,0,0,0
22013,42,0,126.0,3,0,0,0,0
22014,7442,518,40356.5,169,193,107,8,7
22015,54,0,172.0,3,0,0,0,0
22016,2135,49,8177.5,37,19,10,6,3
22017,573,21,2441.5,52,4,2,2,0
22018,130,0,425.0,4,0,0,0,0
23001,785,99,5727.5,73,13,7,5,0
23002,333,7,1266.5,15,0,2,1,0
23003,250,39,2283.0,67,0,3,2,0
23004,1459,69,6659.5,109,5,11,5,3
23005,4302,464,28157.0,259,108,105,8,19
23006,148,1,516.5,6,1,0,0,0
23007,217,15,1123.5,127,1,1,1,0
23008,1610,195,10882.5,233,27,39,7,6
23009,680,74,4465.0,272,3,9,5,0
23010,245,20,1340.0,131,0,0,0,0
23011,249,22,1382.0,28,2,0,0,0
24001,98,1,331.5,0,1,0,0,0
24002,4,0,12.0,0,0,0,0,0
24003,77,0,251.0,11,0,0,0,0
24004,9,0,37.0,0,0,0,0,0
24005,200,0,630.0,3,0,0,0,0
24006,53,0,204.0,51,0,0,0,0
24007,122,2,441.0,3,0,0,0,0
24008,268,0,854.0,7,1,0,0,0
24009,14,0,57.0,1,0,0,0,0
24010,172,0,546.0,4,0,0,0,0
24011,563,3,1896.5,9,1,1,1,0
24012,55,0,170.0,5,0,0,0,0
24013,1678,46,6394.0,75,8,5,5,0
24014,26,0,78.0,1,0,0,0,0
24015,137,2,481.0,8,0,0,0,0
24016,523,1,1671.5,7,2,0,0,0
24017,7,0,21.0,3,0,0,0,0
24018,9,0,27.0,1,0,0,0,0
24019,7,0,21.0,0,0,0,0,0
24020,607,23,2618.5,29,3,2,2,0
24021,58,1,236.5,0,1,0,0,0
24022,79,0,237.0,2,0,0,0,0
24023,65,0,200.0,2,1,0,0,0
24024,911,13,3295.5,30,10,2,2,0
24025,140,5,562.5,5,0,1,1,0
24026,20,0,60.0,0,0,0,0,0
24027,97,0,306.0,2,0,0,0,0
24028,6660,332,31680.0,140,66,75,8,4
24029,46,0,143.0,1,0,0,0,0
24030,6,0,18.0,0,0,0,0,0
24031,2,0,6.0,0,0,0,0,0
24032,250,2,860.0,6,3,0,0,0
24033,4,0,17.0,0,0,0,0,0
24034,83,0,254.0,3,0,0,0,0
24035,1846,26,6833.0,12,4,11,8,0
24036,183,1,596.5,32,1,0,0,0
24037,423,1,1376.5,11,2,0,0,0
24038,39,0,117.0,0,0,0,0,0
24039,31,0,93.0,3,0,0,0,0
24040,248,2,839.0,10,0,0,0,0
24041,67,0,211.0,0,0,0,0,0
24042,114,0,357.0,2,0,0,0,0
24043,67,0,216.0,1,0,0,0,0
24044,21,0,63.0,2,0,0,0,0
24045,79,0,257.0,6,0,0,0,0
24046,54,0,187.0,1,0,0,0,0
24047,8,0,24.0,0,0,0,0,0
24048,15,0,55.0,3,0,0,0,0
24049,109,0,332.0,2,0,0,0,0
24050,204,4,752.0,7,2,0,0,0
24051,57,1,203.5,0,0,0,0,0
24052,49,0,157.0,0,0,0,0,0
24053,159,0,522.0,10,0,0,0,0
24054,144,3,549.5,41,0,0,0,0
24055,33,0,124.0,0,0,0,0,0
24056,91,1,320.5,6,0,0,0,0
24057,91,0,283.0,7,0,0,0,0
24058,170,1,567.5,20,0,0,0,0
25001,2811,187,13926.0,59,23,11,5,2
25002,238,5,891.5,2,0,0,0,0
25003,65,0,210.0,1,0,0,0,0
25004,89,2,362.0,5,0,0,0,0
25005,70,1,262.5,10,1,0,0,0
25006,5888,451,32683.5,100,103,55,8,4
25007,93,0,304.0,8,0,0,0,0
25008,231,7,940.5,9,0,0,0,0
25009,416,4,1528.0,17,0,0,0,0
25010,404,4,1447.0,21,0,0,0,0
25011,1575,66,6645.0,24,10,3,3,0
25012,3649,296,20257.5,182,52,34,8,3
25013,146,5,600.5,6,0,0,0,0
25014,194,1,709.5,11,0,0,0,0
25015,498,23,2296.5,9,3,1,1,0
25016,111,1,395.5,6,1,0,0,0
25017,169,0,552.0,5,0,0,0,0
25018,659,15,2634.5,12,0,0,0,0
26001,14,0,42.0,3,0,0,0,0
26002,450,30,2235.0,20,2,2,1,0
26003,81,3,350.5,20,0,0,0,0
26004,69,0,252.0,16,0,0,0,0
26005,3,0,9.0,1,0,0,0,0
26006,19,0,57.0,2,0,0,0,0
26007,2,0,6.0,0,0,0,0,0
26008,8,0,24.0,2,0,0,0,0
26009,3,0,9.0,2,0,0,0,0
26010,8,0,24.0,0,0,0,0,0
26011,11,0,33.0,3,0,0,0,0
26012,108,0,329.0,0,0,0,0,0
26013,17,0,66.0,6,0,0,0,0
26014,14,0,42.0,2,0,0,0,0
26015,3,0,9.0,1,0,0,0,0
26016,35,0,110.0,3,0,0,0,0
26017,465,18,1925.0,22,1,1,1,0
26018,2432,136,11406.0,42,20,15,7,1
26019,162,14,966.0,12,1,2,1,0
26020,33,0,99.0,2,0,0,0,0
26021,5,0,15.0,1,0,0,0,0
26022,4,0,12.0,1,0,0,0,0
26023,36,0,108.0,3,0,0,0,0
26024,3,0,9.0,0,0,0,0,0
26025,248,1,826.5,6,0,0,0,0
26026,242,1,788.5,1,0,0,0,0
26027,38,0,124.0,4,0,0,0,0
26028,5,0,15.0,1,0,0,0,0
26029,674,61,3669.5,30,9,4,4,1
26030,3886,334,21673.0,84,73,55,7,8
26031,7,0,21.0,2,0,0,0,0
26032,5,0,20.0,1,0,0,0,0
26033,371,7,1390.5,8,2,1,1,0
26034,2,0,6.0,4,0,0,0,0
26035,48,1,176.5,2,0,0,0,0
26036,151,6,673.0,12,0,0,0,0
26037,17,0,56.0,1,0,0,0,0
26038,44,0,142.0,9,0,0,0,0
26039,33,0,119.0,3,0,0,0,0
26040,11,0,33.0,2,0,0,0,0
26041,78,3,336.5,8,0,0,0,0
26042,696,32,3288.0,26,6,5,5,1
26043,915,89,5297.5,38,23,15,7,2
26044,1,0,3.0,2,0,0,0,0
26045,11,0,33.0,1,0,0,0,0
26047,46,0,153.0,6,0,0,0,0
26048,566,45,3085.5,61,12,2,2,0
26049,6,0,18.0,1,0,0,0,0
26050,12,0,36.0,2,0,0,0,0
26051,17,0,51.0,2,0,0,0,0
26052,30,0,100.0,4,0,0,0,0
26053,1,0,3.0,0,0,0,0,0
26054,2,0,6.0,0,0,0,0,0
26055,1086,59,5070.5,68,9,10,6,0
26056,49,0,157.0,1,0,0,0,0
26057,6,0,23.0,1,0,0,0,0
26058,98,6,494.0,11,0,1,1,0
26059,2,0,6.0,0,0,0,0,0
26060,3,0,9.0,1,0,0,0,0
26061,2,0,6.0,1,0,0,0,0
26062,6,0,18.0,2,0,0,0,0
26063,6,0,18.0,0,0,0,0,0
26064,12,0,36.0,1,0,0,0,0
26066,46,1,175.5,8,0,0,0,0
26067,10,0,30.0,1,0,0,0,0
26068,4,0,12.0,0,0,0,0,0
26069,34,0,107.0,7,0,0,0,0
26070,93,0,344.0,7,0,1,1,0
26071,123,2,419.0,5,0,0,0,0
26072,56,1,195.5,0,1,0,0,0
27001,267,3,973.5,12,0,0,0,0
27002,1454,26,5287.0,42,2,5,5,0
27003,351,2,1223.0,20,0,0,0,0
27004,4732,223,20763.5,139,75,59,8,6
27005,1004,24,3862.0,28,5,2,2,0
27006,434,5,1509.5,7,3,1,1,0
27007,291,3,1005.5,10,1,0,0,0
27008,877,2,2836.0,21,0,1,1,0
27009,95,0,300.0,4,0,0,0,0
27010,407,4,1401.0,3,0,1,1,0
27011,125,0,380.0,6,1,0,0,0
27012,661,9,2340.5,22,0,1,1,0
27013,589,4,1992.0,6,2,1,1,0
27014,472,17,1973.5,53,4,1,1,0
27015,164,2,567.0,13,0,0,0,0
27016,294,6,1077.0,13,0,0,0,0
27017,312,6,1171.0,23,0,0,0,0
28001,46,0,138.0,2,0,0,0,0
28002,163,2,574.0,6,0,0,0,0
28003,1113,27,4106.5,32,3,4,3,0
28004,38,0,119.0,0,0,0,0,0
28005,22,0,66.0,3,0,0,0,0
28006,5,0,15.0,1,0,0,0,0
28007,108,1,381.5,6,0,0,0,0
28008,6,0,18.0,0,0,0,0,0
28009,1054,44,4587.0,59,8,6,4,1
28010,5,0,15.0,0,0,0,0,0
28011,40,1,137.5,7,0,0,0,0
28012,294,0,932.0,11,0,0,0,0
28013,27,0,86.0,0,0,0,0,0
28014,34,0,117.0,0,0,0,0,0
28015,120,0,370.0,7,0,0,0,0
28016,97,0,291.0,3,0,0,0,0
28017,84,0,267.0,8,1,0,0,0
28018,56,0,178.0,3,0,0,0,0
28019,43,0,134.0,2,0,0,0,0
28020,4,0,12.0,1,0,0,0,0
28021,780,14,2895.0,20,2,2,2,0
28022,3082,105,12733.5,73,37,19,5,2
28023,11,0,33.0,0,0,0,0,0
28024,37,0,111.0,3,0,0,0,0
28025,178,5,756.5,11,1,2,2,0
28026,7,0,21.0,4,0,0,0,0
28027,1540,109,7907.5,69,13,15,4,3
28028,22,0,71.0,0,0,0,0,0
28029,80,0,260.0,2,0,0,0,0
28030,109,0,357.0,0,0,0,0,0
28031,4,0,12.0,0,0,0,0,0
28032,2448,132,11684.5,78,43,33,8,3
28033,672,19,2788.5,11,7,5,5,0
28034,23,0,69.0,0,0,0,0,0
28035,262,2,911.0,8,0,0,0,0
28037,134,1,469.5,16,0,0,0,0
28038,2092,136,10606.0,88,27,24,7,2
28039,151,1,495.5,10,0,0,0,0
28040,448,12,1719.0,7,1,1,1,0
28041,1907,87,8503.5,49,25,10,5,2
28042,14,0,42.0,1,0,0,0,0
28043,135,0,450.0,3,0,0,0,0
29001,99,0,302.0,2,0,0,0,0
29002,164,1,559.5,15,2,1,1,1
29003,6,0,23.0,0,0,0,0,0
29004,48,0,149.0,0,0,0,0,0
29005,990,19,3757.5,55,16,3,3,0
29006,472,5,1603.5,17,1,1,1,0
29007,139,0,467.0,3,1,0,0,0
29008,73,1,251.5,4,0,0,0,0
29009,17,0,51.0,2,0,0,0,0
29010,666,6,2248.0,25,3,1,1,1
29011,28,0,84.0,1,0,0,0,0
29012,18,0,54.0,0,0,0,0,0
29013,532,8,1966.0,28,2,2,2,0
29014,65,0,200.0,0,1,0,0,0
29015,256,0,778.0,6,0,0,0,0
29016,67,0,201.0,6,0,0,0,0
29017,115,0,345.0,1,0,0,0,0
29018,147,0,466.0,3,0,0,0,0
29019,161,1,525.5,7,0,0,0,0
29020,68,0,209.0,0,0,0,0,0
29021,159,1,524.5,17,0,0,0,0
29022,29,0,97.0,1,0,0,0,0
29023,188,0,604.0,1,0,0,0,0
29024,129,0,402.0,1,0,0,0,0
29025,1030,1,3182.5,7,0,0,0,0
29026,124,1,404.5,11,0,0,0,0
29027,77,0,241.0,8,0,0,0,0
29028,177,0,556.0,11,0,0,0,0
29029,50,0,155.0,2,0,0,0,0
29030,40,0,135.0,0,0,0,0,0
29031,167,1,553.5,8,0,0,0,0
29032,72,17,603.5,5,0,0,0,0
29033,1103,41,4636.5,54,13,10,6,0
29034,268,0,839.0,17,1,0,0,0
29035,36,0,108.0,0,0,0,0,0
29036,101,1,330.5,16,0,0,0,0
29037,84,0,267.0,0,0,0,0,0
29038,94,0,292.0,2,0,0,0,0
29039,190,1,607.5,2,0,0,0,0
29040,29,1,109.5,1,0,0,0,0
29041,331,1,1035.5,16,0,0,0,0
29042,146,1,480.5,3,0,0,0,0
29043,166,0,538.0,15,0,0,0,0
29044,538,4,1754.0,14,0,0,0,0
29045,49,0,157.0,0,0,0,0,0
29046,20,0,65.0,0,0,0,0,0
29047,25,0,80.0,0,0,0,0,0
29048,119,2,432.0,4,0,0,0,0
29049,27,0,86.0,1,0,0,0,0
29050,59,0,182.0,3,0,0,0,0
29051,23,0,74.0,0,0,0,0,0
29052,31,0,93.0,0,0,0,0,0
29053,43,0,129.0,2,0,0,0,0
29054,42,0,126.0,2,0,0,0,0
29055,17,0,51.0,0,0,0,0,0
29056,116,0,368.0,0,0,0,0,0
29057,40,0,120.0,0,0,0,0,0
29058,51,0,163.0,5,0,0,0,0
29059,65,0,200.0,2,0,0,0,0
29060,33,0,109.0,4,0,0,0,0
30001,31,1,115.5,0,0,0,0,0
30002,23,0,74.0,0,0,0,0,0
30003,542,7,1948.5,29,6,2,2,0
30004,119,2,442.0,4,1,0,0,0
30005,25,0,75.0,0,0,0,0,0
30006,63,0,194.0,0,0,0,0,0
30007,24,0,72.0,0,0,0,0,0
30008,18,0,59.0,0,0,0,0,0
30009,118,0,389.0,12,0,0,0,0
30010,274,1,859.5,10,1,0,0,0
30011,360,13,1512.5,12,0,0,0,0
30012,15,0,45.0,0,0,0,0,0
30013,226,0,733.0,6,0,1,1,0
30014,276,2,878.0,1,0,0,0,0
30015,141,1,465.5,10,0,0,0,0
30016,302,9,1198.5,11,1,0,0,0
30017,8,0,29.0,2,0,0,0,0
30018,2,0,6.0,0,0,0,0,0
30019,20,0,60.0,0,0,0,0,0
30020,17,0,51.0,1,0,0,0,0
30021,290,0,900.0,3,0,0,0,0
30022,126,0,378.0,0,0,0,0,0
30023,83,0,249.0,4,0,0,0,0
30024,28,0,84.0,1,0,0,0,0
30025,40,0,120.0,1,0,0,0,0
30026,190,1,662.5,9,0,0,0,0
30027,22,0,66.0,2,0,0,0,0
30028,1550,141,8962.5,78,26,21,7,4
30029,7,0,21.0,0,0,0,0,0
30030,398,1,1286.5,11,2,0,0,0
30031,15,0,45.0,0,0,0,0,0
30032,260,4,945.0,29,1,0,0,0
30033,64,0,197.0,2,0,0,0,0
30034,156,0,488.0,6,1,0,0,0
30035,49,0,162.0,1,0,0,0,0
30036,83,0,269.0,0,0,0,0,0
30037,16,0,53.0,1,0,0,0,0
30038,683,22,2774.0,25,12,2,2,0
30039,2330,89,9732.5,75,17,17,7,1
30040,215,2,715.0,1,1,1,1,0
30041,7,0,21.0,0,0,0,0,0
30042,31,0,93.0,1,0,0,0,0
30043,37,0,116.0,1,0,0,0,0
30044,2235,66,8710.0,68,14,11,5,1
30045,620,5,2097.5,19,1,0,0,0
30046,53,0,164.0,1,0,0,0,0
30047,251,3,910.5,3,2,0,0,0
30048,820,5,2647.5,7,0,0,0,0
30049,72,0,226.0,2,0,0,0,0
30050,31,0,93.0,1,0,0,0,0
30051,89,1,284.5,4,0,0,0,0
30052,84,0,252.0,0,2,0,0,0
30053,274,2,912.0,4,1,0,0,0
30054,58,0,184.0,2,0,0,0,0
30055,12,0,41.0,1,0,0,0,0
30056,3,0,9.0,1,0,0,0,0
30057,19,0,62.0,3,1,0,0,0
30058,95,0,285.0,6,0,0,0,0
30059,106,0,333.0,0,0,0,0,0
30060,95,0,300.0,2,0,0,0,0
30061,433,0,1404.0,22,1,0,0,0
30062,87,0,266.0,0,0,0,0,0
30063,38,0,114.0,3,0,0,0,0
30064,7,0,21.0,0,0,0,0,0
30065,505,11,1877.5,12,5,2,2,0
30066,110,0,335.0,7,0,0,0,0
30067,46,0,138.0,1,0,0,0,0
30068,511,5,1715.5,10,0,1,1,0
30069,129,1,444.5,8,0,0,0,0
30070,60,0,200.0,2,0,0,0,0
30071,458,10,1644.0,11,0,0,0,0
30072,69,1,224.5,7,0,0,0,0
30073,128,0,394.0,2,0,0,0,0
30074,49,0,147.0,1,0,0,0,0
30075,77,0,246.0,4,0,0,0,0
30076,4,0,12.0,0,0,0,0,0
30077,293,3,1046.5,10,1,0,0,0
30078,27,0,81.0,0,0,0,0,0
30079,16,0,48.0,1,0,0,0,0
30080,80,0,240.0,2,0,0,0,0
30081,121,0,363.0,0,0,0,0,0
30082,97,0,301.0,0,0,0,0,0
30083,62,0,186.0,4,0,0,0,0
30084,30,0,90.0,0,0,0,0,0
30085,557,3,1788.5,5,2,0,0,0
30086,144,0,447.0,3,0,0,0,0
30087,3904,179,17214.5,107,38,25,8,3
30088,63,0,209.0,11,0,0,0,0
30089,310,1,997.5,4,0,0,0,0
30090,63,0,204.0,1,0,0,0,0
30091,118,0,404.0,5,0,0,0,0
30092,251,2,843.0,15,0,0,0,0
30093,41,0,128.0,0,0,0,0,0
30094,256,0,798.0,3,0,0,0,0
30095,80,0,255.0,4,1,0,0,0
30096,3,0,9.0,0,0,0,0,0
30097,168,0,564.0,13,0,0,0,0
30098,13,0,39.0,0,0,0,0,0
30099,113,0,364.0,0,0,0,0,0
30100,82,1,283.5,2,0,0,0,0
30101,153,0,469.0,0,1,0,0,0
30102,747,4,2556.0,36,1,2,2,0
30103,21,0,73.0,1,0,0,0,0
30104,56,0,193.0,0,0,0,0,0
30105,386,2,1303.0,4,0,1,1,0
30106,8,0,24.0,0,0,0,0,0
30107,5,0,15.0,1,0,0,0,0
30108,1223,32,4754.0,33,8,3,2,0
30109,351,2,1218.0,17,0,0,0,0
30110,5,0,15.0,0,0,0,0,0
30111,69,0,207.0,3,0,0,0,0
30112,104,2,377.0,5,1,0,0,0
30113,17,0,51.0,0,0,0,0,0
30114,43,0,129.0,6,0,0,0,0
30115,254,1,809.5,2,0,0,0,0
30116,173,1,601.5,0,0,0,0,0
30117,91,0,293.0,1,0,0,0,0
30118,1975,64,8020.0,67,10,7,5,2
30119,118,0,384.0,3,0,0,0,0
30120,107,0,346.0,4,0,0,0,0
30121,47,0,151.0,4,0,0,0,0
30122,122,2,436.0,3,0,0,0,0
30123,300,2,1020.0,15,0,0,0,0
30124,500,13,1842.5,23,1,1,1,0
30125,209,0,647.0,6,0,0,0,0
30126,107,0,361.0,3,0,0,0,0
30127,37,0,126.0,0,0,0,0,0
30128,535,16,1995.0,18,4,3,2,0
30129,84,0,272.0,5,0,0,0,0
30130,329,1,1054.5,7,0,0,0,0
30131,1245,54,5260.0,75,6,6,3,0
30132,101,0,318.0,2,0,0,0,0
30133,282,4,1021.0,2,0,0,0,0
30134,47,0,161.0,5,0,0,0,0
30135,121,1,410.5,2,0,0,0,0
30136,34,0,102.0,0,0,0,0,0
30137,2,0,6.0,0,0,0,0,0
30138,373,2,1189.0,6,1,1,1,0
30139,17,0,51.0,0,0,0,0,0
30140,7,0,21.0,0,0,0,0,0
30141,737,8,2486.0,25,7,2,2,0
30142,116,0,353.0,1,0,0,0,0
30143,186,0,583.0,4,1,0,0,0
30144,161,0,518.0,1,0,0,0,0
30145,56,0,168.0,0,0,0,0,0
30146,4,0,12.0,0,0,0,0,0
30147,30,0,90.0,0,0,0,0,0
30148,181,2,613.0,3,0,0,0,0
30149,84,0,292.0,2,0,0,0,0
30150,61,0,183.0,0,0,0,0,0
30151,65,2,245.0,15,0,0,0,0
30152,50,0,160.0,3,0,0,0,0
30153,1,0,3.0,1,0,0,0,0
30154,4,0,12.0,1,0,0,0,0
30155,284,4,997.0,7,1,1,1,0
30156,2,0,6.0,0,0,0,0,0
30157,36,0,113.0,0,0,0,0,0
30158,262,4,996.0,190,0,0,0,0
30159,21,0,68.0,1,0,0,0,0
30160,488,0,1544.0,16,0,0,0,0
30161,101,1,355.5,6,0,0,0,0
30162,4,0,12.0,0,0,0,0,0
30163,11,0,33.0,0,0,0,0,0
30164,133,0,419.0,7,1,0,0,0
30165,18,0,59.0,0,0,0,0,0
30166,9,0,27.0,0,0,0,0,0
30167,69,0,207.0,1,0,0,0,0
30168,46,0,148.0,0,0,0,0,0
30169,90,0,290.0,3,0,0,0,0
30170,5,0,15.0,1,0,0,0,0
30171,15,0,50.0,0,0,0,0,0
30172,53,0,159.0,1,0,0,0,0
30173,208,0,649.0,6,0,0,0,0
30174,835,6,2835.0,23,0,0,0,0
30175,312,4,1051.0,8,0,0,0,0
30176,56,0,173.0,1,0,0,0,0
30177,15,0,45.0,0,0,0,0,0
30178,91,0,328.0,11,0,0,0,0
30179,19,0,57.0,1,0,0,0,0
30180,21,0,63.0,2,0,0,0,0
30181,179,2,622.0,12,0,0,0,0
30182,45,0,140.0,1,0,0,0,0
30183,536,0,1683.0,19,0,0,0,0
30184,16,0,48.0,0,0,0,0,0
30185,27,1,103.5,0,0,0,0,0
30186,60,0,185.0,0,0,0,0,0
30187,11,0,33.0,0,0,0,0,0
30188,43,0,159.0,0,0,0,0,0
30189,758,35,3316.5,63,4,3,3,0
30190,25,0,75.0,0,0,0,0,0
30191,319,2,1127.0,44,0,0,0,0
30192,155,1,552.5,11,0,0,0,0
30193,5106,175,20760.5,184,26,37,8,4
30194,55,0,165.0,1,0,0,0,0
30195,13,0,39.0,0,0,0,0,0
30196,88,0,274.0,1,0,0,0,0
30197,27,0,81.0,2,0,0,0,0
30198,6,0,18.0,1,0,0,0,0
30199,91,0,308.0,0,0,0,0,0
30200,13,0,39.0,0,0,0,0,0
30201,122,1,418.5,3,1,0,0,0
30202,21,0,63.0,1,0,0,0,0
30203,33,0,99.0,2,0,0,0,0
30204,263,2,889.0,9,0,0,0,0
30205,91,0,283.0,2,0,0,0,0
30206,187,3,663.5,6,0,0,0,0
30207,482,4,1611.0,7,1,0,0,0
30208,171,0,538.0,2,0,0,0,0
30209,78,0,259.0,2,0,0,0,0
30210,53,0,164.0,4,0,0,0,0
30211,166,0,538.0,6,0,0,0,0
30212,19,0,57.0,0,0,0,0,0
31001,47,0,166.0,1,0,0,0,0
31002,75,1,282.5,1,0,0,0,0
31003,185,1,632.5,0,0,0,0,0
31004,57,1,218.5,0,0,0,0,0
31005,24,0,82.0,0,0,0,0,0
31006,98,0,364.0,1,0,0,0,0
31007,89,0,292.0,1,0,0,0,0
31008,21,1,80.5,0,0,0,0,0
31009,48,0,164.0,0,0,0,0,0
31010,21,0,63.0,0,0,0,0,0
31011,123,5,566.5,15,1,0,0,0
31012,39,0,122.0,0,0,0,0,0
31013,115,3,432.5,3,2,1,1,0
31014,15,1,62.5,0,0,0,0,0
31015,21,0,78.0,0,0,0,0,0
31016,12,0,36.0,0,0,0,0,0
31017,6,0,18.0,0,0,0,0,0
31018,27,0,86.0,0,0,0,0,0
31019,180,0,585.0,1,0,0,0,0
31020,57,0,186.0,0,0,0,0,0
31021,46,1,165.5,0,0,0,0,0
31022,20,0,60.0,0,0,0,0,0
31023,59,2,262.0,2,0,0,0,0
31024,17,0,51.0,0,0,0,0,0
31025,68,0,229.0,0,0,0,0,0
31026,56,0,198.0,0,0,0,0,0
31027,124,1,424.5,4,0,0,0,0
31028,68,0,234.0,3,0,0,0,0
31029,86,0,278.0,0,0,0,0,0
31030,38,0,119.0,0,0,0,0,0
31031,15,0,50.0,0,0,0,0,0
31032,99,1,319.5,1,0,0,0,0
31033,141,3,515.5,4,0,0,0,0
31034,48,0,154.0,0,0,0,0,0
31035,54,0,192.0,0,0,0,0,0
31036,75,1,272.5,4,0,0,0,0
31037,62,0,211.0,0,0,0,0,0
31038,264,12,1182.0,9,1,0,0,0
31039,63,0,239.0,0,0,0,0,0
31040,340,5,1232.5,19,1,0,0,0
31041,962,8,3366.0,19,0,3,3,0
31042,18,0,54.0,0,0,0,0,0
31043,41,1,165.5,1,0,0,0,0
31044,59,0,207.0,0,0,0,0,0
31045,20,0,60.0,0,0,0,0,0
31046,46,1,170.5,0,0,0,0,0
31047,67,4,311.0,1,0,0,0,0
31048,165,1,562.5,1,1,0,0,0
31049,19,0,67.0,0,0,0,0,0
31050,7624,580,40987.0,284,128,108,8,7
31051,22,0,86.0,0,0,0,0,0
31052,329,6,1277.0,5,0,0,0,0
31053,124,1,454.5,3,0,0,0,0
31054,30,0,110.0,2,0,0,0,0
31055,46,1,170.5,0,0,0,0,0
31056,311,7,1230.5,13,2,0,0,0
31057,77,0,246.0,2,0,0,0,0
31058,208,1,711.5,11,0,0,0,0
31059,753,33,3391.5,57,0,1,1,0
31060,19,0,57.0,0,0,0,0,0
31061,56,2,238.0,11,0,0,0,0
31062,74,0,247.0,1,0,0,0,0
31063,25,1,112.5,0,0,0,0,0
31064,16,0,53.0,0,0,0,0,0
31065,38,0,129.0,3,0,0,0,0
31066,40,2,160.0,5,0,0,0,0
31067,79,0,257.0,0,0,0,0,0
31068,28,0,84.0,0,0,0,0,0
31069,111,1,395.5,0,0,0,0,0
31070,37,2,151.0,0,0,0,0,0
31071,12,0,36.0,0,0,0,0,0
31072,16,0,48.0,0,0,0,0,0
31073,29,0,87.0,0,0,0,0,0
31074,50,0,180.0,0,0,0,0,0
31075,68,1,236.5,0,0,0,0,0
31076,80,0,265.0,1,0,0,0,0
31077,30,0,90.0,0,0,0,0,0
31078,60,0,185.0,0,0,0,0,0
31079,427,6,1571.0,9,0,0,0,0
31080,106,1,345.5,1,0,0,0,0
31081,15,1,72.5,0,0,0,0,0
31082,66,0,198.0,0,0,0,0,0
31083,71,2,328.0,4,0,0,0,0
31084,45,0,140.0,2,0,0,0,0
31085,111,3,425.5,6,0,0,0,0
31086,19,0,57.0,0,0,0,0,0
31087,40,0,130.0,0,0,0,0,0
31088,38,1,131.5,0,0,0,0,0
31089,548,4,1929.0,13,0,0,0,0
31090,27,0,91.0,0,0,0,0,0
31091,113,5,471.5,10,0,0,0,0
31092,43,0,129.0,0,0,0,0,0
31093,122,2,461.0,1,2,0,0,0
31094,48,0,149.0,0,0,0,0,0
31095,23,0,79.0,0,0,0,0,0
31096,708,9,2496.5,30,1,2,2,0
31097,50,0,160.0,0,0,0,0,0
31098,157,0,486.0,3,1,0,0,0
31099,21,0,73.0,1,0,0,0,0
31100,18,0,59.0,0,0,0,0,0
31101,424,7,1619.5,2,0,1,1,0
31102,713,49,3571.5,112,1,4,4,0
31103,20,0,60.0,0,0,0,0,0
31104,94,0,292.0,0,0,0,0,0
31105,31,0,108.0,0,0,0,0,0
31106,22,0,71.0,0,0,0,0,0
32001,31,1,125.5,5,0,0,0,0
32002,11,0,33.0,0,0,0,0,0
32003,21,0,63.0,1,0,0,0,0
32004,31,0,93.0,2,0,0,0,0
32005,338,0,1114.0,5,0,0,0,0
32006,61,0,188.0,1,0,0,0,0
32007,66,1,235.5,8,0,0,0,0
32008,58,0,189.0,0,0,0,0,0
32009,53,0,164.0,1,0,0,0,0
32010,1153,24,4444.0,38,3,3,3,0
32011,24,1,89.5,3,0,0,0,0
32012,10,0,30.0,1,0,0,0,0
32013,33,0,99.0,1,0,0,0,0
32014,58,0,174.0,0,0,0,0,0
32015,4,0,12.0,0,0,0,0,0
32016,77,0,246.0,0,0,0,0,0
32017,1207,39,4893.5,16,2,4,3,0
32018,22,0,71.0,0,0,0,0,0
32019,194,1,689.5,5,0,0,0,0
32020,448,13,1756.5,23,0,0,0,0
32021,9,0,27.0,0,0,0,0,0
32022,185,2,640.0,3,0,0,0,0
32023,101,3,400.5,5,0,0,0,0
32024,310,4,1075.0,4,0,0,0,0
32025,69,0,242.0,1,0,0,0,0
32026,24,1,94.5,7,0,0,0,0
32027,2,0,6.0,1,0,0,0,0
32028,17,0,51.0,0,0,0,0,0
32029,178,0,544.0,4,0,0,0,0
32030,32,0,106.0,0,0,0,0,0
32031,54,0,177.0,2,0,0,0,0
32032,81,0,263.0,2,0,0,0,0
32033,22,1,138.5,2,0,0,0,0
32034,194,4,757.0,6,0,0,0,0
32035,11,0,33.0,0,0,0,0,0
32036,232,0,746.0,3,1,0,0,0
32037,34,0,102.0,0,0,0,0,0
32038,110,0,350.0,4,0,0,0,0
32039,387,6,1386.0,7,1,0,0,0
32040,45,0,150.0,1,0,0,0,0
32041,4,0,12.0,0,0,0,0,0
32042,228,4,829.0,15,0,0,0,0
32043,5,0,20.0,1,0,0,0,0
32044,105,0,365.0,5,0,0,0,0
32045,60,0,195.0,1,0,0,0,0
32046,23,1,96.5,0,0,0,0,0
32047,41,1,150.5,2,0,0,0,0
32048,248,2,909.0,12,0,0,0,0
32049,148,0,524.0,5,0,0,0,0
32050,31,0,93.0,0,0,0,0,0
32051,151,0,478.0,0,0,0,0,0
32052,70,0,220.0,1,0,0,0,0
32053,62,0,186.0,0,0,0,0,0
32054,42,0,136.0,0,0,0,0,0
32055,213,1,711.5,6,0,0,0,0
32056,1213,80,5884.0,70,7,20,7,1
32057,113,0,369.0,0,0,0,0,0
32058,13,0,39.0,0,0,0,0,0
